Workbook

Sheet nomina
A1: Colaborador | B1: Centro de Costo | C1: Situación Contractual | D1: SUELDO FIJO | E1: Fecha de Inicio | F1: HH LIQUIDO | G1: HH DIARIO | H1: DIAS TRABAJADOS | I1: A PAGAR LIQUIDO | J1: FIJO BRUTO | K1: COMISIONES BRUTAS | L1: % IMPOSICION | M1: COMISION NETA | N1: COMISION O BONO NO IMPONIBLE | O1: ADELANTOS | P1: TOTAL A PAGAR | Q1: Fecha de Vencimiento | R1: Estado | S1: Fecha Regularización | T1: Antigüedad | U1: Días Generados | V1: Días Tomados | W1: Sobrante | X1: Observaciones | Y1: =IFERROR(CONFIG!$B$2,5) -> 5
A2: Oscar Mendoza | B2: Greendiamond | C2: Indefinido | D2: 2100000 | E2: 45627 | R2: Ok | T2: =IF($E2="","",DATEDIF($E2,TODAY(),"Y") & " años, " & DATEDIF($E2,TODAY(),"YM") & " meses") -> 1 años, 2 meses | U2: =IF($E2="","",CONFIG!$B$1 * DATEDIF($E2,TODAY(),"Y") + INT((CONFIG!$B$1 * DATEDIF($E2,TODAY(),"YM"))/12)) -> #REF! | V2: =IF($A2="","",IFERROR(SUMIFS(MOVIMIENTOS!$F:$F,MOVIMIENTOS!$B:$B,$A2,MOVIMIENTOS!$H:$H,"SI",MOVIMIENTOS!$G:$G,"Vacaciones"),0)) -> 0 | W2: =IF($U2="","",$U2 - $V2) -> #REF!
A3: Andres Landerer | B3: Greendiamond | C3: Indefinido | D3: 529000 | E3: 44593 | R3: Ok | T3: =IF($E3="","",DATEDIF($E3,TODAY(),"Y") & " años, " & DATEDIF($E3,TODAY(),"YM") & " meses") -> 4 años, 0 meses | U3: =IF($E3="","",CONFIG!$B$1 * DATEDIF($E3,TODAY(),"Y") + INT((CONFIG!$B$1 * DATEDIF($E3,TODAY(),"YM"))/12)) -> #REF! | V3: =IF($A3="","",IFERROR(SUMIFS(MOVIMIENTOS!$F:$F,MOVIMIENTOS!$B:$B,$A3,MOVIMIENTOS!$H:$H,"SI",MOVIMIENTOS!$G:$G,"Vacaciones"),0)) -> 0 | W3: =IF($U3="","",$U3 - $V3) -> #REF!
A4: Constanza Franco | B4: Greendiamond | C4: Indefinido | D4: 529000 | E4: 46023 | R4: Ok | T4: =IF($E4="","",DATEDIF($E4,TODAY(),"Y") & " años, " & DATEDIF($E4,TODAY(),"YM") & " meses") -> 0 años, 1 meses | U4: =IF($E4="","",CONFIG!$B$1 * DATEDIF($E4,TODAY(),"Y") + INT((CONFIG!$B$1 * DATEDIF($E4,TODAY(),"YM"))/12)) -> #REF! | V4: =IF($A4="","",IFERROR(SUMIFS(MOVIMIENTOS!$F:$F,MOVIMIENTOS!$B:$B,$A4,MOVIMIENTOS!$H:$H,"SI",MOVIMIENTOS!$G:$G,"Vacaciones"),0)) -> 0 | W4: =IF($U4="","",$U4 - $V4) -> #REF!
A5: Daniel Toledo | B5: Greendiamond | C5: Indefinido | D5: 529000 | E5: 45962 | R5: Ok | T5: =IF($E5="","",DATEDIF($E5,TODAY(),"Y") & " años, " & DATEDIF($E5,TODAY(),"YM") & " meses") -> 0 años, 3 meses | U5: =IF($E5="","",CONFIG!$B$1 * DATEDIF($E5,TODAY(),"Y") + INT((CONFIG!$B$1 * DATEDIF($E5,TODAY(),"YM"))/12)) -> #REF! | V5: =IF($A5="","",IFERROR(SUMIFS(MOVIMIENTOS!$F:$F,MOVIMIENTOS!$B:$B,$A5,MOVIMIENTOS!$H:$H,"SI",MOVIMIENTOS!$G:$G,"Vacaciones"),0)) -> 0 | W5: =IF($U5="","",$U5 - $V5) -> #REF!
A6: Mauricio Zambrano | B6: Greendiamond | C6: Indefinido | D6: 2000000 | E6: 45627 | R6: Ok | T6: =IF($E6="","",DATEDIF($E6,TODAY(),"Y") & " años, " & DATEDIF($E6,TODAY(),"YM") & " meses") -> 1 años, 2 meses | U6: =IF($E6="","",CONFIG!$B$1 * DATEDIF($E6,TODAY(),"Y") + INT((CONFIG!$B$1 * DATEDIF($E6,TODAY(),"YM"))/12)) -> #REF! | V6: =IF($A6="","",IFERROR(SUMIFS(MOVIMIENTOS!$F:$F,MOVIMIENTOS!$B:$B,$A6,MOVIMIENTOS!$H:$H,"SI",MOVIMIENTOS!$G:$G,"Vacaciones"),0)) -> 0 | W6: =IF($U6="","",$U6 - $V6) -> #REF!
A7: Martin Espinosa | B7: Greendiamond | C7: Indefinido | D7: 1500000 | E7: 45231 | R7: Ok | T7: =IF($E7="","",DATEDIF($E7,TODAY(),"Y") & " años, " & DATEDIF($E7,TODAY(),"YM") & " meses") -> 2 años, 3 meses | U7: =IF($E7="","",CONFIG!$B$1 * DATEDIF($E7,TODAY(),"Y") + INT((CONFIG!$B$1 * DATEDIF($E7,TODAY(),"YM"))/12)) -> #REF! | V7: =IF($A7="","",IFERROR(SUMIFS(MOVIMIENTOS!$F:$F,MOVIMIENTOS!$B:$B,$A7,MOVIMIENTOS!$H:$H,"SI",MOVIMIENTOS!$G:$G,"Vacaciones"),0)) -> 0 | W7: =IF($U7="","",$U7 - $V7) -> #REF!
A8: Gonzalo Baez | B8: Greendiamond | C8: A Plazo | D8: 650000 | E8: 45962 | Q8: 45992 | R8: Ok | T8: =IF($E8="","",DATEDIF($E8,TODAY(),"Y") & " años, " & DATEDIF($E8,TODAY(),"YM") & " meses") -> 0 años, 3 meses | U8: =IF($E8="","",CONFIG!$B$1 * DATEDIF($E8,TODAY(),"Y") + INT((CONFIG!$B$1 * DATEDIF($E8,TODAY(),"YM"))/12)) -> #REF! | V8: =IF($A8="","",IFERROR(SUMIFS(MOVIMIENTOS!$F:$F,MOVIMIENTOS!$B:$B,$A8,MOVIMIENTOS!$H:$H,"SI",MOVIMIENTOS!$G:$G,"Vacaciones"),0)) -> 0 | W8: =IF($U8="","",$U8 - $V8) -> #REF!
A9: Luis Vera | B9: Greendiamond | C9: A Plazo | D9: 650000 | Q9: 45992 | R9: Ok | T9: =IF($E9="","",DATEDIF($E9,TODAY(),"Y") & " años, " & DATEDIF($E9,TODAY(),"YM") & " meses") | U9: =IF($E9="","",CONFIG!$B$1 * DATEDIF($E9,TODAY(),"Y") + INT((CONFIG!$B$1 * DATEDIF($E9,TODAY(),"YM"))/12)) | V9: =IF($A9="","",IFERROR(SUMIFS(MOVIMIENTOS!$F:$F,MOVIMIENTOS!$B:$B,$A9,MOVIMIENTOS!$H:$H,"SI",MOVIMIENTOS!$G:$G,"Vacaciones"),0)) -> 0 | W9: =IF($U9="","",$U9 - $V9)
A10: Yonathan Vivanco | B10: Greendiamond | C10: A Plazo | D10: 650000 | E10: 45962 | Q10: 45992 | R10: Ok | S10: 45992 | T10: =IF($E10="","",DATEDIF($E10,TODAY(),"Y") & " años, " & DATEDIF($E10,TODAY(),"YM") & " meses") -> 0 años, 3 meses | U10: =IF($E10="","",CONFIG!$B$1 * DATEDIF($E10,TODAY(),"Y") + INT((CONFIG!$B$1 * DATEDIF($E10,TODAY(),"YM"))/12)) -> #REF! | V10: =IF($A10="","",IFERROR(SUMIFS(MOVIMIENTOS!$F:$F,MOVIMIENTOS!$B:$B,$A10,MOVIMIENTOS!$H:$H,"SI",MOVIMIENTOS!$G:$G,"Vacaciones"),0)) -> 0 | W10: =IF($U10="","",$U10 - $V10) -> #REF!
A11: Felipe Nouvel | B11: Greendiamond | C11: Indefinido | D11: 650000 | E11: 45962 | R11: Ok | T11: =IF($E11="","",DATEDIF($E11,TODAY(),"Y") & " años, " & DATEDIF($E11,TODAY(),"YM") & " meses") -> 0 años, 3 meses | U11: =IF($E11="","",CONFIG!$B$1 * DATEDIF($E11,TODAY(),"Y") + INT((CONFIG!$B$1 * DATEDIF($E11,TODAY(),"YM"))/12)) -> #REF! | V11: =IF($A11="","",IFERROR(SUMIFS(MOVIMIENTOS!$F:$F,MOVIMIENTOS!$B:$B,$A11,MOVIMIENTOS!$H:$H,"SI",MOVIMIENTOS!$G:$G,"Vacaciones"),0)) -> 0 | W11: =IF($U11="","",$U11 - $V11) -> #REF!
A12: Cristobal Bolados | B12: Greendiamond | C12: Indefinido | D12: 900000 | E12: 45870 | R12: Ok | T12: =IF($E12="","",DATEDIF($E12,TODAY(),"Y") & " años, " & DATEDIF($E12,TODAY(),"YM") & " meses") -> 0 años, 6 meses | U12: =IF($E12="","",CONFIG!$B$1 * DATEDIF($E12,TODAY(),"Y") + INT((CONFIG!$B$1 * DATEDIF($E12,TODAY(),"YM"))/12)) -> #REF! | V12: =IF($A12="","",IFERROR(SUMIFS(MOVIMIENTOS!$F:$F,MOVIMIENTOS!$B:$B,$A12,MOVIMIENTOS!$H:$H,"SI",MOVIMIENTOS!$G:$G,"Vacaciones"),0)) -> 0 | W12: =IF($U12="","",$U12 - $V12) -> #REF!
A13: Ramon Veroes | B13: Rolfi | C13: Indefinido | D13: 900000 | E13: 45931 | R13: Ok | T13: =IF($E13="","",DATEDIF($E13,TODAY(),"Y") & " años, " & DATEDIF($E13,TODAY(),"YM") & " meses") -> 0 años, 4 meses | U13: =IF($E13="","",CONFIG!$B$1 * DATEDIF($E13,TODAY(),"Y") + INT((CONFIG!$B$1 * DATEDIF($E13,TODAY(),"YM"))/12)) -> #REF! | V13: =IF($A13="","",IFERROR(SUMIFS(MOVIMIENTOS!$F:$F,MOVIMIENTOS!$B:$B,$A13,MOVIMIENTOS!$H:$H,"SI",MOVIMIENTOS!$G:$G,"Vacaciones"),0)) -> 0 | W13: =IF($U13="","",$U13 - $V13) -> #REF!
A14: Miguel Zarza | B14: Rolfi | C14: Indefinido | D14: 850000 | E14: 45931 | R14: Ok | T14: =IF($E14="","",DATEDIF($E14,TODAY(),"Y") & " años, " & DATEDIF($E14,TODAY(),"YM") & " meses") -> 0 años, 4 meses | U14: =IF($E14="","",CONFIG!$B$1 * DATEDIF($E14,TODAY(),"Y") + INT((CONFIG!$B$1 * DATEDIF($E14,TODAY(),"YM"))/12)) -> #REF! | V14: =IF($A14="","",IFERROR(SUMIFS(MOVIMIENTOS!$F:$F,MOVIMIENTOS!$B:$B,$A14,MOVIMIENTOS!$H:$H,"SI",MOVIMIENTOS!$G:$G,"Vacaciones"),0)) -> 0 | W14: =IF($U14="","",$U14 - $V14) -> #REF!
A15: Sebastian Figueroa | B15: Rolfi | C15: A Plazo | D15: 650000 | R15: Ok | T15: =IF($E15="","",DATEDIF($E15,TODAY(),"Y") & " años, " & DATEDIF($E15,TODAY(),"YM") & " meses") | U15: =IF($E15="","",CONFIG!$B$1 * DATEDIF($E15,TODAY(),"Y") + INT((CONFIG!$B$1 * DATEDIF($E15,TODAY(),"YM"))/12)) | V15: =IF($A15="","",IFERROR(SUMIFS(MOVIMIENTOS!$F:$F,MOVIMIENTOS!$B:$B,$A15,MOVIMIENTOS!$H:$H,"SI",MOVIMIENTOS!$G:$G,"Vacaciones"),0)) -> 0 | W15: =IF($U15="","",$U15 - $V15)
A16: Winder Morillo | B16: Rolfi | C16: Indefinido | D16: 700000 | E16: 45931 | R16: Ok | T16: =IF($E16="","",DATEDIF($E16,TODAY(),"Y") & " años, " & DATEDIF($E16,TODAY(),"YM") & " meses") -> 0 años, 4 meses | U16: =IF($E16="","",CONFIG!$B$1 * DATEDIF($E16,TODAY(),"Y") + INT((CONFIG!$B$1 * DATEDIF($E16,TODAY(),"YM"))/12)) -> #REF! | V16: =IF($A16="","",IFERROR(SUMIFS(MOVIMIENTOS!$F:$F,MOVIMIENTOS!$B:$B,$A16,MOVIMIENTOS!$H:$H,"SI",MOVIMIENTOS!$G:$G,"Vacaciones"),0)) -> 0 | W16: =IF($U16="","",$U16 - $V16) -> #REF!
A17: Alexander Quintero | B17: Rolfi | C17: IRREGULAR | D17: 600000 | R17: IRREGULAR | T17: =IF($E17="","",DATEDIF($E17,TODAY(),"Y") & " años, " & DATEDIF($E17,TODAY(),"YM") & " meses") | U17: =IF($E17="","",CONFIG!$B$1 * DATEDIF($E17,TODAY(),"Y") + INT((CONFIG!$B$1 * DATEDIF($E17,TODAY(),"YM"))/12)) | V17: =IF($A17="","",IFERROR(SUMIFS(MOVIMIENTOS!$F:$F,MOVIMIENTOS!$B:$B,$A17,MOVIMIENTOS!$H:$H,"SI",MOVIMIENTOS!$G:$G,"Vacaciones"),0)) -> 0 | W17: =IF($U17="","",$U17 - $V17)
T18: =IF($E18="","",DATEDIF($E18,TODAY(),"Y") & " años, " & DATEDIF($E18,TODAY(),"YM") & " meses") | U18: =IF($E18="","",CONFIG!$B$1 * DATEDIF($E18,TODAY(),"Y") + INT((CONFIG!$B$1 * DATEDIF($E18,TODAY(),"YM"))/12)) | V18: =IF($A18="","",IFERROR(SUMIFS(MOVIMIENTOS!$F:$F,MOVIMIENTOS!$B:$B,$A18,MOVIMIENTOS!$H:$H,"SI",MOVIMIENTOS!$G:$G,"Vacaciones"),0)) | W18: =IF($U18="","",$U18 - $V18)
