Workbook
Name NUMSEM: DATOS!$A:$A
Name productos: Productos!$A:$A

Sheet Resumen
B2: FILTRO SEMANA | C2: 40 | L2: PRODUCTOS | M2: LUNES | N2: MARTES | O2: MIÉRCOLES | P2: JUEVES | Q2: VIERNES | R2: SÁBADO | S2: DOMINGO | T2: TOTAL
L3: =IFERROR(__xludf.DUMMYFUNCTION("UNIQUE(FILTER(Eventos!F:F,Eventos!D:D=C2))"),"#N/A") -> #N/A | M3: =SUMIFS(Eventos!$G:$G,Eventos!$F:$F,$L3,Eventos!$D:$D,$C$2,Eventos!$B:$B,PANES_SEMANALES[[#ALL],[LUNES]]) -> 0 | N3: =SUMIFS(Eventos!$G:$G,Eventos!$F:$F,$L3,Eventos!$D:$D,$C$2,Eventos!$B:$B,PANES_SEMANALES[[#ALL],[MARTES]]) -> 0 | O3: =SUMIFS(Eventos!$G:$G,Eventos!$F:$F,$L3,Eventos!$D:$D,$C$2,Eventos!$B:$B,PANES_SEMANALES[[#ALL],[MIÉRCOLES]]) -> 0 | P3: =SUMIFS(Eventos!$G:$G,Eventos!$F:$F,$L3,Eventos!$D:$D,$C$2,Eventos!$B:$B,PANES_SEMANALES[[#ALL],[JUEVES]]) -> 0 | Q3: =SUMIFS(Eventos!$G:$G,Eventos!$F:$F,$L3,Eventos!$D:$D,$C$2,Eventos!$B:$B,PANES_SEMANALES[[#ALL],[VIERNES]]) -> 0 | R3: =SUMIFS(Eventos!$G:$G,Eventos!$F:$F,$L3,Eventos!$D:$D,$C$2,Eventos!$B:$B,PANES_SEMANALES[[#ALL],[SÁBADO]]) -> 0 | S3: =SUMIFS(Eventos!$G:$G,Eventos!$F:$F,$L3,Eventos!$D:$D,$C$2,Eventos!$B:$B,PANES_SEMANALES[[#ALL],[DOMINGO]]) -> 0 | T3: =SUM(M3:S3) -> 0
M4: =SUMIFS(Eventos!$G:$G,Eventos!$F:$F,$L4,Eventos!$D:$D,$C$2,Eventos!$B:$B,PANES_SEMANALES[[#ALL],[LUNES]]) -> 0 | N4: =SUMIFS(Eventos!$G:$G,Eventos!$F:$F,$L4,Eventos!$D:$D,$C$2,Eventos!$B:$B,PANES_SEMANALES[[#ALL],[MARTES]]) -> 0 | O4: =SUMIFS(Eventos!$G:$G,Eventos!$F:$F,$L4,Eventos!$D:$D,$C$2,Eventos!$B:$B,PANES_SEMANALES[[#ALL],[MIÉRCOLES]]) -> 0 | P4: =SUMIFS(Eventos!$G:$G,Eventos!$F:$F,$L4,Eventos!$D:$D,$C$2,Eventos!$B:$B,PANES_SEMANALES[[#ALL],[JUEVES]]) -> 0 | Q4: =SUMIFS(Eventos!$G:$G,Eventos!$F:$F,$L4,Eventos!$D:$D,$C$2,Eventos!$B:$B,PANES_SEMANALES[[#ALL],[VIERNES]]) -> 0 | R4: =SUMIFS(Eventos!$G:$G,Eventos!$F:$F,$L4,Eventos!$D:$D,$C$2,Eventos!$B:$B,PANES_SEMANALES[[#ALL],[SÁBADO]]) -> 0 | S4: =SUMIFS(Eventos!$G:$G,Eventos!$F:$F,$L4,Eventos!$D:$D,$C$2,Eventos!$B:$B,PANES_SEMANALES[[#ALL],[DOMINGO]]) -> 0 | T4: =SUM(M4:S4) -> 0
B5: RESUMEN PAN SEMANAL | C5: LUNES | D5: MARTES | E5: MIÉRCOLES | F5: JUEVES | G5: VIERNES | H5: SÁBADO | I5: DOMINGO | J5: TOTAL | M5: =SUMIFS(Eventos!$G:$G,Eventos!$F:$F,$L5,Eventos!$D:$D,$C$2,Eventos!$B:$B,PANES_SEMANALES[[#ALL],[LUNES]]) -> 0 | N5: =SUMIFS(Eventos!$G:$G,Eventos!$F:$F,$L5,Eventos!$D:$D,$C$2,Eventos!$B:$B,PANES_SEMANALES[[#ALL],[MARTES]]) -> 0 | O5: =SUMIFS(Eventos!$G:$G,Eventos!$F:$F,$L5,Eventos!$D:$D,$C$2,Eventos!$B:$B,PANES_SEMANALES[[#ALL],[MIÉRCOLES]]) -> 0 | P5: =SUMIFS(Eventos!$G:$G,Eventos!$F:$F,$L5,Eventos!$D:$D,$C$2,Eventos!$B:$B,PANES_SEMANALES[[#ALL],[JUEVES]]) -> 0 | Q5: =SUMIFS(Eventos!$G:$G,Eventos!$F:$F,$L5,Eventos!$D:$D,$C$2,Eventos!$B:$B,PANES_SEMANALES[[#ALL],[VIERNES]]) -> 0 | R5: =SUMIFS(Eventos!$G:$G,Eventos!$F:$F,$L5,Eventos!$D:$D,$C$2,Eventos!$B:$B,PANES_SEMANALES[[#ALL],[SÁBADO]]) -> 0 | S5: =SUMIFS(Eventos!$G:$G,Eventos!$F:$F,$L5,Eventos!$D:$D,$C$2,Eventos!$B:$B,PANES_SEMANALES[[#ALL],[DOMINGO]]) -> 0 | T5: =SUM(M5:S5) -> 0
A6: {=SEQUENCE(COUNTA(B6:B28),1)} -> 1 | B6: =IFERROR(__xludf.DUMMYFUNCTION("SORT(UNIQUE(FILTER(Eventos!I:I,Eventos!D:D=C2)),1,TRUE)"),"#N/A") -> #N/A | C6: =SUMIFS(Eventos!$J:$J,Eventos!$I:$I,$B6,Eventos!$B:$B,C$5,Eventos!$D:$D,$C$2) -> 0 | D6: =SUMIFS(Eventos!$J:$J,Eventos!$I:$I,$B6,Eventos!$B:$B,D$5,Eventos!$D:$D,$C$2) -> 0 | E6: =SUMIFS(Eventos!$J:$J,Eventos!$I:$I,$B6,Eventos!$B:$B,E$5,Eventos!$D:$D,$C$2) -> 0 | F6: =SUMIFS(Eventos!$J:$J,Eventos!$I:$I,$B6,Eventos!$B:$B,F$5,Eventos!$D:$D,$C$2) -> 0 | G6: =SUMIFS(Eventos!$J:$J,Eventos!$I:$I,$B6,Eventos!$B:$B,G$5,Eventos!$D:$D,$C$2) -> 0 | H6: =SUMIFS(Eventos!$J:$J,Eventos!$I:$I,$B6,Eventos!$B:$B,H$5,Eventos!$D:$D,$C$2) -> 0 | I6: =SUMIFS(Eventos!$J:$J,Eventos!$I:$I,$B6,Eventos!$B:$B,I$5,Eventos!$D:$D,$C$2) -> 0 | J6: =SUM(C6:I6) -> 0 | M6: =SUMIFS(Eventos!$G:$G,Eventos!$F:$F,$L6,Eventos!$D:$D,$C$2,Eventos!$B:$B,PANES_SEMANALES[[#ALL],[LUNES]]) -> 0 | N6: =SUMIFS(Eventos!$G:$G,Eventos!$F:$F,$L6,Eventos!$D:$D,$C$2,Eventos!$B:$B,PANES_SEMANALES[[#ALL],[MARTES]]) -> 0 | O6: =SUMIFS(Eventos!$G:$G,Eventos!$F:$F,$L6,Eventos!$D:$D,$C$2,Eventos!$B:$B,PANES_SEMANALES[[#ALL],[MIÉRCOLES]]) -> 0 | P6: =SUMIFS(Eventos!$G:$G,Eventos!$F:$F,$L6,Eventos!$D:$D,$C$2,Eventos!$B:$B,PANES_SEMANALES[[#ALL],[JUEVES]]) -> 0 | Q6: =SUMIFS(Eventos!$G:$G,Eventos!$F:$F,$L6,Eventos!$D:$D,$C$2,Eventos!$B:$B,PANES_SEMANALES[[#ALL],[VIERNES]]) -> 0 | R6: =SUMIFS(Eventos!$G:$G,Eventos!$F:$F,$L6,Eventos!$D:$D,$C$2,Eventos!$B:$B,PANES_SEMANALES[[#ALL],[SÁBADO]]) -> 0 | S6: =SUMIFS(Eventos!$G:$G,Eventos!$F:$F,$L6,Eventos!$D:$D,$C$2,Eventos!$B:$B,PANES_SEMANALES[[#ALL],[DOMINGO]]) -> 0 | T6: =SUM(M6:S6) -> 0
C7: =SUMIFS(Eventos!$J:$J,Eventos!$I:$I,$B7,Eventos!$B:$B,C$5,Eventos!$D:$D,$C$2) -> 0 | D7: =SUMIFS(Eventos!$J:$J,Eventos!$I:$I,$B7,Eventos!$B:$B,D$5,Eventos!$D:$D,$C$2) -> 0 | E7: =SUMIFS(Eventos!$J:$J,Eventos!$I:$I,$B7,Eventos!$B:$B,E$5,Eventos!$D:$D,$C$2) -> 0 | F7: =SUMIFS(Eventos!$J:$J,Eventos!$I:$I,$B7,Eventos!$B:$B,F$5,Eventos!$D:$D,$C$2) -> 0 | G7: =SUMIFS(Eventos!$J:$J,Eventos!$I:$I,$B7,Eventos!$B:$B,G$5,Eventos!$D:$D,$C$2) -> 0 | H7: =SUMIFS(Eventos!$J:$J,Eventos!$I:$I,$B7,Eventos!$B:$B,H$5,Eventos!$D:$D,$C$2) -> 0 | I7: =SUMIFS(Eventos!$J:$J,Eventos!$I:$I,$B7,Eventos!$B:$B,I$5,Eventos!$D:$D,$C$2) -> 0 | J7: =SUM(C7:I7) -> 0 | M7: =SUMIFS(Eventos!$G:$G,Eventos!$F:$F,$L7,Eventos!$D:$D,$C$2,Eventos!$B:$B,PANES_SEMANALES[[#ALL],[LUNES]]) -> 0 | N7: =SUMIFS(Eventos!$G:$G,Eventos!$F:$F,$L7,Eventos!$D:$D,$C$2,Eventos!$B:$B,PANES_SEMANALES[[#ALL],[MARTES]]) -> 0 | O7: =SUMIFS(Eventos!$G:$G,Eventos!$F:$F,$L7,Eventos!$D:$D,$C$2,Eventos!$B:$B,PANES_SEMANALES[[#ALL],[MIÉRCOLES]]) -> 0 | P7: =SUMIFS(Eventos!$G:$G,Eventos!$F:$F,$L7,Eventos!$D:$D,$C$2,Eventos!$B:$B,PANES_SEMANALES[[#ALL],[JUEVES]]) -> 0 | Q7: =IF(P7<>"",SUMIFS(Eventos!$G:$G,Eventos!$B:$B,Q$2,Eventos!$D:$D,$C$2,Eventos!$F:$F,$L7),"") -> 0 | R7: =SUMIFS(Eventos!$G:$G,Eventos!$F:$F,$L7,Eventos!$D:$D,$C$2,Eventos!$B:$B,PANES_SEMANALES[[#ALL],[SÁBADO]]) -> 0 | S7: =SUMIFS(Eventos!$G:$G,Eventos!$F:$F,$L7,Eventos!$D:$D,$C$2,Eventos!$B:$B,PANES_SEMANALES[[#ALL],[DOMINGO]]) -> 0 | T7: =SUM(M7:S7) -> 0
C8: =SUMIFS(Eventos!$J:$J,Eventos!$I:$I,$B8,Eventos!$B:$B,C$5,Eventos!$D:$D,$C$2) -> 0 | D8: =SUMIFS(Eventos!$J:$J,Eventos!$I:$I,$B8,Eventos!$B:$B,D$5,Eventos!$D:$D,$C$2) -> 0 | E8: =SUMIFS(Eventos!$J:$J,Eventos!$I:$I,$B8,Eventos!$B:$B,E$5,Eventos!$D:$D,$C$2) -> 0 | F8: =SUMIFS(Eventos!$J:$J,Eventos!$I:$I,$B8,Eventos!$B:$B,F$5,Eventos!$D:$D,$C$2) -> 0 | G8: =SUMIFS(Eventos!$J:$J,Eventos!$I:$I,$B8,Eventos!$B:$B,G$5,Eventos!$D:$D,$C$2) -> 0 | H8: =SUMIFS(Eventos!$J:$J,Eventos!$I:$I,$B8,Eventos!$B:$B,H$5,Eventos!$D:$D,$C$2) -> 0 | I8: =SUMIFS(Eventos!$J:$J,Eventos!$I:$I,$B8,Eventos!$B:$B,I$5,Eventos!$D:$D,$C$2) -> 0 | J8: =SUM(C8:I8) -> 0 | M8: =SUMIFS(Eventos!$G:$G,Eventos!$F:$F,$L8,Eventos!$D:$D,$C$2,Eventos!$B:$B,PANES_SEMANALES[[#ALL],[LUNES]]) -> 0 | N8: =SUMIFS(Eventos!$G:$G,Eventos!$F:$F,$L8,Eventos!$D:$D,$C$2,Eventos!$B:$B,PANES_SEMANALES[[#ALL],[MARTES]]) -> 0 | O8: =SUMIFS(Eventos!$G:$G,Eventos!$F:$F,$L8,Eventos!$D:$D,$C$2,Eventos!$B:$B,PANES_SEMANALES[[#ALL],[MIÉRCOLES]]) -> 0 | P8: =SUMIFS(Eventos!$G:$G,Eventos!$F:$F,$L8,Eventos!$D:$D,$C$2,Eventos!$B:$B,PANES_SEMANALES[[#ALL],[JUEVES]]) -> 0 | Q8: =IF(P8<>"",SUMIFS(Eventos!$G:$G,Eventos!$B:$B,Q$2,Eventos!$D:$D,$C$2,Eventos!$F:$F,$L8),"") -> 0 | R8: =SUMIFS(Eventos!$G:$G,Eventos!$F:$F,$L8,Eventos!$D:$D,$C$2,Eventos!$B:$B,PANES_SEMANALES[[#ALL],[SÁBADO]]) -> 0 | S8: =SUMIFS(Eventos!$G:$G,Eventos!$F:$F,$L8,Eventos!$D:$D,$C$2,Eventos!$B:$B,PANES_SEMANALES[[#ALL],[DOMINGO]]) -> 0 | T8: =SUM(M8:S8) -> 0
C9: =SUMIFS(Eventos!$J:$J,Eventos!$I:$I,$B9,Eventos!$B:$B,C$5,Eventos!$D:$D,$C$2) -> 0 | D9: =SUMIFS(Eventos!$J:$J,Eventos!$I:$I,$B9,Eventos!$B:$B,D$5,Eventos!$D:$D,$C$2) -> 0 | E9: =SUMIFS(Eventos!$J:$J,Eventos!$I:$I,$B9,Eventos!$B:$B,E$5,Eventos!$D:$D,$C$2) -> 0 | F9: =SUMIFS(Eventos!$J:$J,Eventos!$I:$I,$B9,Eventos!$B:$B,F$5,Eventos!$D:$D,$C$2) -> 0 | G9: =SUMIFS(Eventos!$J:$J,Eventos!$I:$I,$B9,Eventos!$B:$B,G$5,Eventos!$D:$D,$C$2) -> 0 | H9: =SUMIFS(Eventos!$J:$J,Eventos!$I:$I,$B9,Eventos!$B:$B,H$5,Eventos!$D:$D,$C$2) -> 0 | I9: =SUMIFS(Eventos!$J:$J,Eventos!$I:$I,$B9,Eventos!$B:$B,I$5,Eventos!$D:$D,$C$2) -> 0 | J9: =SUM(C9:I9) -> 0 | M9: =SUMIFS(Eventos!$G:$G,Eventos!$F:$F,$L9,Eventos!$D:$D,$C$2,Eventos!$B:$B,PANES_SEMANALES[[#ALL],[LUNES]]) -> 0 | N9: =SUMIFS(Eventos!$G:$G,Eventos!$F:$F,$L9,Eventos!$D:$D,$C$2,Eventos!$B:$B,PANES_SEMANALES[[#ALL],[MARTES]]) -> 0 | O9: =SUMIFS(Eventos!$G:$G,Eventos!$F:$F,$L9,Eventos!$D:$D,$C$2,Eventos!$B:$B,PANES_SEMANALES[[#ALL],[MIÉRCOLES]]) -> 0 | P9: =SUMIFS(Eventos!$G:$G,Eventos!$F:$F,$L9,Eventos!$D:$D,$C$2,Eventos!$B:$B,PANES_SEMANALES[[#ALL],[JUEVES]]) -> 0 | Q9: =IF(P9<>"",SUMIFS(Eventos!$G:$G,Eventos!$B:$B,Q$2,Eventos!$D:$D,$C$2,Eventos!$F:$F,$L9),"") -> 0 | R9: =SUMIFS(Eventos!$G:$G,Eventos!$F:$F,$L9,Eventos!$D:$D,$C$2,Eventos!$B:$B,PANES_SEMANALES[[#ALL],[SÁBADO]]) -> 0 | S9: =SUMIFS(Eventos!$G:$G,Eventos!$F:$F,$L9,Eventos!$D:$D,$C$2,Eventos!$B:$B,PANES_SEMANALES[[#ALL],[DOMINGO]]) -> 0 | T9: =SUM(M9:S9) -> 0
C10: =SUMIFS(Eventos!$J:$J,Eventos!$I:$I,$B10,Eventos!$B:$B,C$5,Eventos!$D:$D,$C$2) -> 0 | D10: =SUMIFS(Eventos!$J:$J,Eventos!$I:$I,$B10,Eventos!$B:$B,D$5,Eventos!$D:$D,$C$2) -> 0 | E10: =SUMIFS(Eventos!$J:$J,Eventos!$I:$I,$B10,Eventos!$B:$B,E$5,Eventos!$D:$D,$C$2) -> 0 | F10: =SUMIFS(Eventos!$J:$J,Eventos!$I:$I,$B10,Eventos!$B:$B,F$5,Eventos!$D:$D,$C$2) -> 0 | G10: =SUMIFS(Eventos!$J:$J,Eventos!$I:$I,$B10,Eventos!$B:$B,G$5,Eventos!$D:$D,$C$2) -> 0 | H10: =SUMIFS(Eventos!$J:$J,Eventos!$I:$I,$B10,Eventos!$B:$B,H$5,Eventos!$D:$D,$C$2) -> 0 | I10: =SUMIFS(Eventos!$J:$J,Eventos!$I:$I,$B10,Eventos!$B:$B,I$5,Eventos!$D:$D,$C$2) -> 0 | J10: =SUM(C10:I10) -> 0 | M10: =SUMIFS(Eventos!$G:$G,Eventos!$F:$F,$L10,Eventos!$D:$D,$C$2,Eventos!$B:$B,PANES_SEMANALES[[#ALL],[LUNES]]) -> 0 | N10: =SUMIFS(Eventos!$G:$G,Eventos!$F:$F,$L10,Eventos!$D:$D,$C$2,Eventos!$B:$B,PANES_SEMANALES[[#ALL],[MARTES]]) -> 0 | O10: =SUMIFS(Eventos!$G:$G,Eventos!$F:$F,$L10,Eventos!$D:$D,$C$2,Eventos!$B:$B,PANES_SEMANALES[[#ALL],[MIÉRCOLES]]) -> 0 | P10: =SUMIFS(Eventos!$G:$G,Eventos!$F:$F,$L10,Eventos!$D:$D,$C$2,Eventos!$B:$B,PANES_SEMANALES[[#ALL],[JUEVES]]) -> 0 | Q10: =IF(P10<>"",SUMIFS(Eventos!$G:$G,Eventos!$B:$B,Q$2,Eventos!$D:$D,$C$2,Eventos!$F:$F,$L10),"") -> 0 | R10: =SUMIFS(Eventos!$G:$G,Eventos!$F:$F,$L10,Eventos!$D:$D,$C$2,Eventos!$B:$B,PANES_SEMANALES[[#ALL],[SÁBADO]]) -> 0 | S10: =SUMIFS(Eventos!$G:$G,Eventos!$F:$F,$L10,Eventos!$D:$D,$C$2,Eventos!$B:$B,PANES_SEMANALES[[#ALL],[DOMINGO]]) -> 0 | T10: =SUM(M10:S10) -> 0
C11: =SUMIFS(Eventos!$J:$J,Eventos!$I:$I,$B11,Eventos!$B:$B,C$5,Eventos!$D:$D,$C$2) -> 0 | D11: =SUMIFS(Eventos!$J:$J,Eventos!$I:$I,$B11,Eventos!$B:$B,D$5,Eventos!$D:$D,$C$2) -> 0 | E11: =SUMIFS(Eventos!$J:$J,Eventos!$I:$I,$B11,Eventos!$B:$B,E$5,Eventos!$D:$D,$C$2) -> 0 | F11: =SUMIFS(Eventos!$J:$J,Eventos!$I:$I,$B11,Eventos!$B:$B,F$5,Eventos!$D:$D,$C$2) -> 0 | G11: =SUMIFS(Eventos!$J:$J,Eventos!$I:$I,$B11,Eventos!$B:$B,G$5,Eventos!$D:$D,$C$2) -> 0 | H11: =SUMIFS(Eventos!$J:$J,Eventos!$I:$I,$B11,Eventos!$B:$B,H$5,Eventos!$D:$D,$C$2) -> 0 | I11: =SUMIFS(Eventos!$J:$J,Eventos!$I:$I,$B11,Eventos!$B:$B,I$5,Eventos!$D:$D,$C$2) -> 0 | J11: =SUM(C11:I11) -> 0 | M11: =SUMIFS(Eventos!$G:$G,Eventos!$F:$F,$L11,Eventos!$D:$D,$C$2,Eventos!$B:$B,PANES_SEMANALES[[#ALL],[LUNES]]) -> 0 | N11: =SUMIFS(Eventos!$G:$G,Eventos!$F:$F,$L11,Eventos!$D:$D,$C$2,Eventos!$B:$B,PANES_SEMANALES[[#ALL],[MARTES]]) -> 0 | O11: =SUMIFS(Eventos!$G:$G,Eventos!$F:$F,$L11,Eventos!$D:$D,$C$2,Eventos!$B:$B,PANES_SEMANALES[[#ALL],[MIÉRCOLES]]) -> 0 | P11: =SUMIFS(Eventos!$G:$G,Eventos!$F:$F,$L11,Eventos!$D:$D,$C$2,Eventos!$B:$B,PANES_SEMANALES[[#ALL],[JUEVES]]) -> 0 | Q11: =IF(P11<>"",SUMIFS(Eventos!$G:$G,Eventos!$B:$B,Q$2,Eventos!$D:$D,$C$2,Eventos!$F:$F,$L11),"") -> 0 | R11: =SUMIFS(Eventos!$G:$G,Eventos!$F:$F,$L11,Eventos!$D:$D,$C$2,Eventos!$B:$B,PANES_SEMANALES[[#ALL],[SÁBADO]]) -> 0 | S11: =SUMIFS(Eventos!$G:$G,Eventos!$F:$F,$L11,Eventos!$D:$D,$C$2,Eventos!$B:$B,PANES_SEMANALES[[#ALL],[DOMINGO]]) -> 0 | T11: =SUM(M11:S11) -> 0
C12: =SUMIFS(Eventos!$J:$J,Eventos!$I:$I,$B12,Eventos!$B:$B,C$5,Eventos!$D:$D,$C$2) -> 0 | D12: =SUMIFS(Eventos!$J:$J,Eventos!$I:$I,$B12,Eventos!$B:$B,D$5,Eventos!$D:$D,$C$2) -> 0 | E12: =SUMIFS(Eventos!$J:$J,Eventos!$I:$I,$B12,Eventos!$B:$B,E$5,Eventos!$D:$D,$C$2) -> 0 | F12: =SUMIFS(Eventos!$J:$J,Eventos!$I:$I,$B12,Eventos!$B:$B,F$5,Eventos!$D:$D,$C$2) -> 0 | G12: =SUMIFS(Eventos!$J:$J,Eventos!$I:$I,$B12,Eventos!$B:$B,G$5,Eventos!$D:$D,$C$2) -> 0 | H12: =SUMIFS(Eventos!$J:$J,Eventos!$I:$I,$B12,Eventos!$B:$B,H$5,Eventos!$D:$D,$C$2) -> 0 | I12: =SUMIFS(Eventos!$J:$J,Eventos!$I:$I,$B12,Eventos!$B:$B,I$5,Eventos!$D:$D,$C$2) -> 0 | J12: =SUM(C12:I12) -> 0 | M12: =SUMIFS(Eventos!$G:$G,Eventos!$F:$F,$L12,Eventos!$D:$D,$C$2,Eventos!$B:$B,PANES_SEMANALES[[#ALL],[LUNES]]) -> 0 | N12: =SUMIFS(Eventos!$G:$G,Eventos!$F:$F,$L12,Eventos!$D:$D,$C$2,Eventos!$B:$B,PANES_SEMANALES[[#ALL],[MARTES]]) -> 0 | O12: =SUMIFS(Eventos!$G:$G,Eventos!$F:$F,$L12,Eventos!$D:$D,$C$2,Eventos!$B:$B,PANES_SEMANALES[[#ALL],[MIÉRCOLES]]) -> 0 | P12: =SUMIFS(Eventos!$G:$G,Eventos!$F:$F,$L12,Eventos!$D:$D,$C$2,Eventos!$B:$B,PANES_SEMANALES[[#ALL],[JUEVES]]) -> 0 | Q12: =IF(P12<>"",SUMIFS(Eventos!$G:$G,Eventos!$B:$B,Q$2,Eventos!$D:$D,$C$2,Eventos!$F:$F,$L12),"") -> 0 | R12: =SUMIFS(Eventos!$G:$G,Eventos!$F:$F,$L12,Eventos!$D:$D,$C$2,Eventos!$B:$B,PANES_SEMANALES[[#ALL],[SÁBADO]]) -> 0 | S12: =SUMIFS(Eventos!$G:$G,Eventos!$F:$F,$L12,Eventos!$D:$D,$C$2,Eventos!$B:$B,PANES_SEMANALES[[#ALL],[DOMINGO]]) -> 0 | T12: =SUM(M12:S12) -> 0
C13: =SUMIFS(Eventos!$J:$J,Eventos!$I:$I,$B13,Eventos!$B:$B,C$5,Eventos!$D:$D,$C$2) -> 0 | D13: =SUMIFS(Eventos!$J:$J,Eventos!$I:$I,$B13,Eventos!$B:$B,D$5,Eventos!$D:$D,$C$2) -> 0 | E13: =SUMIFS(Eventos!$J:$J,Eventos!$I:$I,$B13,Eventos!$B:$B,E$5,Eventos!$D:$D,$C$2) -> 0 | F13: =SUMIFS(Eventos!$J:$J,Eventos!$I:$I,$B13,Eventos!$B:$B,F$5,Eventos!$D:$D,$C$2) -> 0 | G13: =SUMIFS(Eventos!$J:$J,Eventos!$I:$I,$B13,Eventos!$B:$B,G$5,Eventos!$D:$D,$C$2) -> 0 | H13: =SUMIFS(Eventos!$J:$J,Eventos!$I:$I,$B13,Eventos!$B:$B,H$5,Eventos!$D:$D,$C$2) -> 0 | I13: =SUMIFS(Eventos!$J:$J,Eventos!$I:$I,$B13,Eventos!$B:$B,I$5,Eventos!$D:$D,$C$2) -> 0 | J13: =SUM(C13:I13) -> 0 | M13: =SUMIFS(Eventos!$G:$G,Eventos!$F:$F,$L13,Eventos!$D:$D,$C$2,Eventos!$B:$B,PANES_SEMANALES[[#ALL],[LUNES]]) -> 0 | N13: =SUMIFS(Eventos!$G:$G,Eventos!$F:$F,$L13,Eventos!$D:$D,$C$2,Eventos!$B:$B,PANES_SEMANALES[[#ALL],[MARTES]]) -> 0 | O13: =SUMIFS(Eventos!$G:$G,Eventos!$F:$F,$L13,Eventos!$D:$D,$C$2,Eventos!$B:$B,PANES_SEMANALES[[#ALL],[MIÉRCOLES]]) -> 0 | P13: =SUMIFS(Eventos!$G:$G,Eventos!$F:$F,$L13,Eventos!$D:$D,$C$2,Eventos!$B:$B,PANES_SEMANALES[[#ALL],[JUEVES]]) -> 0 | Q13: =IF(P13<>"",SUMIFS(Eventos!$G:$G,Eventos!$B:$B,Q$2,Eventos!$D:$D,$C$2,Eventos!$F:$F,$L13),"") -> 0 | R13: =SUMIFS(Eventos!$G:$G,Eventos!$F:$F,$L13,Eventos!$D:$D,$C$2,Eventos!$B:$B,PANES_SEMANALES[[#ALL],[SÁBADO]]) -> 0 | S13: =SUMIFS(Eventos!$G:$G,Eventos!$F:$F,$L13,Eventos!$D:$D,$C$2,Eventos!$B:$B,PANES_SEMANALES[[#ALL],[DOMINGO]]) -> 0 | T13: =SUM(M13:S13) -> 0
C14: =SUMIFS(Eventos!$J:$J,Eventos!$I:$I,$B14,Eventos!$B:$B,C$5,Eventos!$D:$D,$C$2) -> 0 | D14: =SUMIFS(Eventos!$J:$J,Eventos!$I:$I,$B14,Eventos!$B:$B,D$5,Eventos!$D:$D,$C$2) -> 0 | E14: =SUMIFS(Eventos!$J:$J,Eventos!$I:$I,$B14,Eventos!$B:$B,E$5,Eventos!$D:$D,$C$2) -> 0 | F14: =SUMIFS(Eventos!$J:$J,Eventos!$I:$I,$B14,Eventos!$B:$B,F$5,Eventos!$D:$D,$C$2) -> 0 | G14: =SUMIFS(Eventos!$J:$J,Eventos!$I:$I,$B14,Eventos!$B:$B,G$5,Eventos!$D:$D,$C$2) -> 0 | H14: =SUMIFS(Eventos!$J:$J,Eventos!$I:$I,$B14,Eventos!$B:$B,H$5,Eventos!$D:$D,$C$2) -> 0 | I14: =SUMIFS(Eventos!$J:$J,Eventos!$I:$I,$B14,Eventos!$B:$B,I$5,Eventos!$D:$D,$C$2) -> 0 | J14: =SUM(C14:I14) -> 0 | M14: =SUMIFS(Eventos!$G:$G,Eventos!$F:$F,$L14,Eventos!$D:$D,$C$2,Eventos!$B:$B,PANES_SEMANALES[[#ALL],[LUNES]]) -> 0 | N14: =SUMIFS(Eventos!$G:$G,Eventos!$F:$F,$L14,Eventos!$D:$D,$C$2,Eventos!$B:$B,PANES_SEMANALES[[#ALL],[MARTES]]) -> 0 | O14: =SUMIFS(Eventos!$G:$G,Eventos!$F:$F,$L14,Eventos!$D:$D,$C$2,Eventos!$B:$B,PANES_SEMANALES[[#ALL],[MIÉRCOLES]]) -> 0 | P14: =SUMIFS(Eventos!$G:$G,Eventos!$F:$F,$L14,Eventos!$D:$D,$C$2,Eventos!$B:$B,PANES_SEMANALES[[#ALL],[JUEVES]]) -> 0 | Q14: =IF(P14<>"",SUMIFS(Eventos!$G:$G,Eventos!$B:$B,Q$2,Eventos!$D:$D,$C$2,Eventos!$F:$F,$L14),"") -> 0 | R14: =SUMIFS(Eventos!$G:$G,Eventos!$F:$F,$L14,Eventos!$D:$D,$C$2,Eventos!$B:$B,PANES_SEMANALES[[#ALL],[SÁBADO]]) -> 0 | S14: =SUMIFS(Eventos!$G:$G,Eventos!$F:$F,$L14,Eventos!$D:$D,$C$2,Eventos!$B:$B,PANES_SEMANALES[[#ALL],[DOMINGO]]) -> 0 | T14: =SUM(M14:S14) -> 0
C15: =SUMIFS(Eventos!$J:$J,Eventos!$I:$I,$B15,Eventos!$B:$B,C$5,Eventos!$D:$D,$C$2) -> 0 | D15: =SUMIFS(Eventos!$J:$J,Eventos!$I:$I,$B15,Eventos!$B:$B,D$5,Eventos!$D:$D,$C$2) -> 0 | E15: =SUMIFS(Eventos!$J:$J,Eventos!$I:$I,$B15,Eventos!$B:$B,E$5,Eventos!$D:$D,$C$2) -> 0 | F15: =SUMIFS(Eventos!$J:$J,Eventos!$I:$I,$B15,Eventos!$B:$B,F$5,Eventos!$D:$D,$C$2) -> 0 | G15: =SUMIFS(Eventos!$J:$J,Eventos!$I:$I,$B15,Eventos!$B:$B,G$5,Eventos!$D:$D,$C$2) -> 0 | H15: =SUMIFS(Eventos!$J:$J,Eventos!$I:$I,$B15,Eventos!$B:$B,H$5,Eventos!$D:$D,$C$2) -> 0 | I15: =SUMIFS(Eventos!$J:$J,Eventos!$I:$I,$B15,Eventos!$B:$B,I$5,Eventos!$D:$D,$C$2) -> 0 | J15: =SUM(C15:I15) -> 0 | M15: =SUMIFS(Eventos!$G:$G,Eventos!$F:$F,$L15,Eventos!$D:$D,$C$2,Eventos!$B:$B,PANES_SEMANALES[[#ALL],[LUNES]]) -> 0 | N15: =SUMIFS(Eventos!$G:$G,Eventos!$F:$F,$L15,Eventos!$D:$D,$C$2,Eventos!$B:$B,PANES_SEMANALES[[#ALL],[MARTES]]) -> 0 | O15: =SUMIFS(Eventos!$G:$G,Eventos!$F:$F,$L15,Eventos!$D:$D,$C$2,Eventos!$B:$B,PANES_SEMANALES[[#ALL],[MIÉRCOLES]]) -> 0 | P15: =SUMIFS(Eventos!$G:$G,Eventos!$F:$F,$L15,Eventos!$D:$D,$C$2,Eventos!$B:$B,PANES_SEMANALES[[#ALL],[JUEVES]]) -> 0 | Q15: =IF(P15<>"",SUMIFS(Eventos!$G:$G,Eventos!$B:$B,Q$2,Eventos!$D:$D,$C$2,Eventos!$F:$F,$L15),"") -> 0 | R15: =SUMIFS(Eventos!$G:$G,Eventos!$F:$F,$L15,Eventos!$D:$D,$C$2,Eventos!$B:$B,PANES_SEMANALES[[#ALL],[SÁBADO]]) -> 0 | S15: =SUMIFS(Eventos!$G:$G,Eventos!$F:$F,$L15,Eventos!$D:$D,$C$2,Eventos!$B:$B,PANES_SEMANALES[[#ALL],[DOMINGO]]) -> 0 | T15: =SUM(M15:S15) -> 0
C16: =SUMIFS(Eventos!$J:$J,Eventos!$I:$I,$B16,Eventos!$B:$B,C$5,Eventos!$D:$D,$C$2) -> 0 | D16: =SUMIFS(Eventos!$J:$J,Eventos!$I:$I,$B16,Eventos!$B:$B,D$5,Eventos!$D:$D,$C$2) -> 0 | E16: =SUMIFS(Eventos!$J:$J,Eventos!$I:$I,$B16,Eventos!$B:$B,E$5,Eventos!$D:$D,$C$2) -> 0 | F16: =SUMIFS(Eventos!$J:$J,Eventos!$I:$I,$B16,Eventos!$B:$B,F$5,Eventos!$D:$D,$C$2) -> 0 | G16: =SUMIFS(Eventos!$J:$J,Eventos!$I:$I,$B16,Eventos!$B:$B,G$5,Eventos!$D:$D,$C$2) -> 0 | H16: =SUMIFS(Eventos!$J:$J,Eventos!$I:$I,$B16,Eventos!$B:$B,H$5,Eventos!$D:$D,$C$2) -> 0 | I16: =SUMIFS(Eventos!$J:$J,Eventos!$I:$I,$B16,Eventos!$B:$B,I$5,Eventos!$D:$D,$C$2) -> 0 | J16: =SUM(C16:I16) -> 0 | M16: =SUMIFS(Eventos!$G:$G,Eventos!$F:$F,$L16,Eventos!$D:$D,$C$2,Eventos!$B:$B,PANES_SEMANALES[[#ALL],[LUNES]]) -> 0 | N16: =SUMIFS(Eventos!$G:$G,Eventos!$F:$F,$L16,Eventos!$D:$D,$C$2,Eventos!$B:$B,PANES_SEMANALES[[#ALL],[MARTES]]) -> 0 | O16: =SUMIFS(Eventos!$G:$G,Eventos!$F:$F,$L16,Eventos!$D:$D,$C$2,Eventos!$B:$B,PANES_SEMANALES[[#ALL],[MIÉRCOLES]]) -> 0 | P16: =SUMIFS(Eventos!$G:$G,Eventos!$F:$F,$L16,Eventos!$D:$D,$C$2,Eventos!$B:$B,PANES_SEMANALES[[#ALL],[JUEVES]]) -> 0 | Q16: =IF(P16<>"",SUMIFS(Eventos!$G:$G,Eventos!$B:$B,Q$2,Eventos!$D:$D,$C$2,Eventos!$F:$F,$L16),"") -> 0 | R16: =SUMIFS(Eventos!$G:$G,Eventos!$F:$F,$L16,Eventos!$D:$D,$C$2,Eventos!$B:$B,PANES_SEMANALES[[#ALL],[SÁBADO]]) -> 0 | S16: =SUMIFS(Eventos!$G:$G,Eventos!$F:$F,$L16,Eventos!$D:$D,$C$2,Eventos!$B:$B,PANES_SEMANALES[[#ALL],[DOMINGO]]) -> 0 | T16: =SUM(M16:S16) -> 0
C17: =SUMIFS(Eventos!$J:$J,Eventos!$I:$I,$B17,Eventos!$B:$B,C$5,Eventos!$D:$D,$C$2) -> 0 | D17: =SUMIFS(Eventos!$J:$J,Eventos!$I:$I,$B17,Eventos!$B:$B,D$5,Eventos!$D:$D,$C$2) -> 0 | E17: =SUMIFS(Eventos!$J:$J,Eventos!$I:$I,$B17,Eventos!$B:$B,E$5,Eventos!$D:$D,$C$2) -> 0 | F17: =SUMIFS(Eventos!$J:$J,Eventos!$I:$I,$B17,Eventos!$B:$B,F$5,Eventos!$D:$D,$C$2) -> 0 | G17: =SUMIFS(Eventos!$J:$J,Eventos!$I:$I,$B17,Eventos!$B:$B,G$5,Eventos!$D:$D,$C$2) -> 0 | H17: =SUMIFS(Eventos!$J:$J,Eventos!$I:$I,$B17,Eventos!$B:$B,H$5,Eventos!$D:$D,$C$2) -> 0 | I17: =SUMIFS(Eventos!$J:$J,Eventos!$I:$I,$B17,Eventos!$B:$B,I$5,Eventos!$D:$D,$C$2) -> 0 | J17: =SUM(C17:I17) -> 0 | M17: =SUMIFS(Eventos!$G:$G,Eventos!$F:$F,$L17,Eventos!$D:$D,$C$2,Eventos!$B:$B,PANES_SEMANALES[[#ALL],[LUNES]]) -> 0 | N17: =SUMIFS(Eventos!$G:$G,Eventos!$F:$F,$L17,Eventos!$D:$D,$C$2,Eventos!$B:$B,PANES_SEMANALES[[#ALL],[MARTES]]) -> 0 | O17: =SUMIFS(Eventos!$G:$G,Eventos!$F:$F,$L17,Eventos!$D:$D,$C$2,Eventos!$B:$B,PANES_SEMANALES[[#ALL],[MIÉRCOLES]]) -> 0 | P17: =SUMIFS(Eventos!$G:$G,Eventos!$F:$F,$L17,Eventos!$D:$D,$C$2,Eventos!$B:$B,PANES_SEMANALES[[#ALL],[JUEVES]]) -> 0 | Q17: =IF(P17<>"",SUMIFS(Eventos!$G:$G,Eventos!$B:$B,Q$2,Eventos!$D:$D,$C$2,Eventos!$F:$F,$L17),"") -> 0 | R17: =SUMIFS(Eventos!$G:$G,Eventos!$F:$F,$L17,Eventos!$D:$D,$C$2,Eventos!$B:$B,PANES_SEMANALES[[#ALL],[SÁBADO]]) -> 0 | S17: =SUMIFS(Eventos!$G:$G,Eventos!$F:$F,$L17,Eventos!$D:$D,$C$2,Eventos!$B:$B,PANES_SEMANALES[[#ALL],[DOMINGO]]) -> 0 | T17: =SUM(M17:S17) -> 0
C18: =SUMIFS(Eventos!$J:$J,Eventos!$I:$I,$B18,Eventos!$B:$B,C$5,Eventos!$D:$D,$C$2) -> 0 | D18: =SUMIFS(Eventos!$J:$J,Eventos!$I:$I,$B18,Eventos!$B:$B,D$5,Eventos!$D:$D,$C$2) -> 0 | E18: =SUMIFS(Eventos!$J:$J,Eventos!$I:$I,$B18,Eventos!$B:$B,E$5,Eventos!$D:$D,$C$2) -> 0 | F18: =SUMIFS(Eventos!$J:$J,Eventos!$I:$I,$B18,Eventos!$B:$B,F$5,Eventos!$D:$D,$C$2) -> 0 | G18: =SUMIFS(Eventos!$J:$J,Eventos!$I:$I,$B18,Eventos!$B:$B,G$5,Eventos!$D:$D,$C$2) -> 0 | H18: =SUMIFS(Eventos!$J:$J,Eventos!$I:$I,$B18,Eventos!$B:$B,H$5,Eventos!$D:$D,$C$2) -> 0 | I18: =SUMIFS(Eventos!$J:$J,Eventos!$I:$I,$B18,Eventos!$B:$B,I$5,Eventos!$D:$D,$C$2) -> 0 | J18: =SUM(C18:I18) -> 0 | M18: =SUMIFS(Eventos!$G:$G,Eventos!$F:$F,$L18,Eventos!$D:$D,$C$2,Eventos!$B:$B,PANES_SEMANALES[[#ALL],[LUNES]]) -> 0 | N18: =SUMIFS(Eventos!$G:$G,Eventos!$F:$F,$L18,Eventos!$D:$D,$C$2,Eventos!$B:$B,PANES_SEMANALES[[#ALL],[MARTES]]) -> 0 | O18: =SUMIFS(Eventos!$G:$G,Eventos!$F:$F,$L18,Eventos!$D:$D,$C$2,Eventos!$B:$B,PANES_SEMANALES[[#ALL],[MIÉRCOLES]]) -> 0 | P18: =SUMIFS(Eventos!$G:$G,Eventos!$F:$F,$L18,Eventos!$D:$D,$C$2,Eventos!$B:$B,PANES_SEMANALES[[#ALL],[JUEVES]]) -> 0 | Q18: =IF(P18<>"",SUMIFS(Eventos!$G:$G,Eventos!$B:$B,Q$2,Eventos!$D:$D,$C$2,Eventos!$F:$F,$L18),"") -> 0 | R18: =SUMIFS(Eventos!$G:$G,Eventos!$F:$F,$L18,Eventos!$D:$D,$C$2,Eventos!$B:$B,PANES_SEMANALES[[#ALL],[SÁBADO]]) -> 0 | S18: =SUMIFS(Eventos!$G:$G,Eventos!$F:$F,$L18,Eventos!$D:$D,$C$2,Eventos!$B:$B,PANES_SEMANALES[[#ALL],[DOMINGO]]) -> 0 | T18: =SUM(M18:S18) -> 0
... C35: =SUMIFS(Eventos!$J:$J,Eventos!$I:$I,$B35,Eventos!$B:$B,C$5,Eventos!$D:$D,$C$2) -> 0 | D35: =SUMIFS(Eventos!$J:$J,Eventos!$I:$I,$B35,Eventos!$B:$B,D$5,Eventos!$D:$D,$C$2) -> 0 | E35: =SUMIFS(Eventos!$J:$J,Eventos!$I:$I,$B35,Eventos!$B:$B,E$5,Eventos!$D:$D,$C$2) -> 0 | F35: =SUMIFS(Eventos!$J:$J,Eventos!$I:$I,$B35,Eventos!$B:$B,F$5,Eventos!$D:$D,$C$2) -> 0 | G35: =SUMIFS(Eventos!$J:$J,Eventos!$I:$I,$B35,Eventos!$B:$B,G$5,Eventos!$D:$D,$C$2) -> 0 | H35: =SUMIFS(Eventos!$J:$J,Eventos!$I:$I,$B35,Eventos!$B:$B,H$5,Eventos!$D:$D,$C$2) -> 0 | I35: =SUMIFS(Eventos!$J:$J,Eventos!$I:$I,$B35,Eventos!$B:$B,I$5,Eventos!$D:$D,$C$2) -> 0 | J35: =SUM(C35:I35) -> 0 | M35: =SUMIFS(Eventos!$G:$G,Eventos!$F:$F,$L35,Eventos!$D:$D,$C$2,Eventos!$B:$B,PANES_SEMANALES[[#ALL],[LUNES]]) -> 0 | N35: =SUMIFS(Eventos!$G:$G,Eventos!$F:$F,$L35,Eventos!$D:$D,$C$2,Eventos!$B:$B,PANES_SEMANALES[[#ALL],[MARTES]]) -> 0 | O35: =SUMIFS(Eventos!$G:$G,Eventos!$F:$F,$L35,Eventos!$D:$D,$C$2,Eventos!$B:$B,PANES_SEMANALES[[#ALL],[MIÉRCOLES]]) -> 0 | P35: =SUMIFS(Eventos!$G:$G,Eventos!$F:$F,$L35,Eventos!$D:$D,$C$2,Eventos!$B:$B,PANES_SEMANALES[[#ALL],[JUEVES]]) -> 0 | Q35: =IF(P35<>"",SUMIFS(Eventos!$G:$G,Eventos!$B:$B,Q$2,Eventos!$D:$D,$C$2,Eventos!$F:$F,$L35),"") -> 0 | R35: =SUMIFS(Eventos!$G:$G,Eventos!$F:$F,$L35,Eventos!$D:$D,$C$2,Eventos!$B:$B,PANES_SEMANALES[[#ALL],[SÁBADO]]) -> 0 | S35: =SUMIFS(Eventos!$G:$G,Eventos!$F:$F,$L35,Eventos!$D:$D,$C$2,Eventos!$B:$B,PANES_SEMANALES[[#ALL],[DOMINGO]]) -> 0 | T35: =SUM(M35:S35) -> 0
M36: =SUMIFS(Eventos!$G:$G,Eventos!$F:$F,$L36,Eventos!$D:$D,$C$2,Eventos!$B:$B,PANES_SEMANALES[[#ALL],[LUNES]]) -> 0 | N36: =SUMIFS(Eventos!$G:$G,Eventos!$F:$F,$L36,Eventos!$D:$D,$C$2,Eventos!$B:$B,PANES_SEMANALES[[#ALL],[MARTES]]) -> 0 | O36: =SUMIFS(Eventos!$G:$G,Eventos!$F:$F,$L36,Eventos!$D:$D,$C$2,Eventos!$B:$B,PANES_SEMANALES[[#ALL],[MIÉRCOLES]]) -> 0 | P36: =SUMIFS(Eventos!$G:$G,Eventos!$F:$F,$L36,Eventos!$D:$D,$C$2,Eventos!$B:$B,PANES_SEMANALES[[#ALL],[JUEVES]]) -> 0 | Q36: =IF(P36<>"",SUMIFS(Eventos!$G:$G,Eventos!$B:$B,Q$2,Eventos!$D:$D,$C$2,Eventos!$F:$F,$L36),"") -> 0 | R36: =SUMIFS(Eventos!$G:$G,Eventos!$F:$F,$L36,Eventos!$D:$D,$C$2,Eventos!$B:$B,PANES_SEMANALES[[#ALL],[SÁBADO]]) -> 0 | S36: =SUMIFS(Eventos!$G:$G,Eventos!$F:$F,$L36,Eventos!$D:$D,$C$2,Eventos!$B:$B,PANES_SEMANALES[[#ALL],[DOMINGO]]) -> 0 | T36: =SUM(M36:S36) -> 0
M37: =SUMIFS(Eventos!$G:$G,Eventos!$F:$F,$L37,Eventos!$D:$D,$C$2,Eventos!$B:$B,PANES_SEMANALES[[#ALL],[LUNES]]) -> 0 | N37: =SUMIFS(Eventos!$G:$G,Eventos!$F:$F,$L37,Eventos!$D:$D,$C$2,Eventos!$B:$B,PANES_SEMANALES[[#ALL],[MARTES]]) -> 0 | O37: =SUMIFS(Eventos!$G:$G,Eventos!$F:$F,$L37,Eventos!$D:$D,$C$2,Eventos!$B:$B,PANES_SEMANALES[[#ALL],[MIÉRCOLES]]) -> 0 | P37: =SUMIFS(Eventos!$G:$G,Eventos!$F:$F,$L37,Eventos!$D:$D,$C$2,Eventos!$B:$B,PANES_SEMANALES[[#ALL],[JUEVES]]) -> 0 | Q37: =IF(P37<>"",SUMIFS(Eventos!$G:$G,Eventos!$B:$B,Q$2,Eventos!$D:$D,$C$2,Eventos!$F:$F,$L37),"") -> 0 | R37: =SUMIFS(Eventos!$G:$G,Eventos!$F:$F,$L37,Eventos!$D:$D,$C$2,Eventos!$B:$B,PANES_SEMANALES[[#ALL],[SÁBADO]]) -> 0 | S37: =SUMIFS(Eventos!$G:$G,Eventos!$F:$F,$L37,Eventos!$D:$D,$C$2,Eventos!$B:$B,PANES_SEMANALES[[#ALL],[DOMINGO]]) -> 0 | T37: =SUM(M37:S37) -> 0
M38: =SUMIFS(Eventos!$G:$G,Eventos!$F:$F,$L38,Eventos!$D:$D,$C$2,Eventos!$B:$B,PANES_SEMANALES[[#ALL],[LUNES]]) -> 0 | N38: =SUMIFS(Eventos!$G:$G,Eventos!$F:$F,$L38,Eventos!$D:$D,$C$2,Eventos!$B:$B,PANES_SEMANALES[[#ALL],[MARTES]]) -> 0 | O38: =SUMIFS(Eventos!$G:$G,Eventos!$F:$F,$L38,Eventos!$D:$D,$C$2,Eventos!$B:$B,PANES_SEMANALES[[#ALL],[MIÉRCOLES]]) -> 0 | P38: =SUMIFS(Eventos!$G:$G,Eventos!$F:$F,$L38,Eventos!$D:$D,$C$2,Eventos!$B:$B,PANES_SEMANALES[[#ALL],[JUEVES]]) -> 0 | Q38: =IF(P38<>"",SUMIFS(Eventos!$G:$G,Eventos!$B:$B,Q$2,Eventos!$D:$D,$C$2,Eventos!$F:$F,$L38),"") -> 0 | R38: =SUMIFS(Eventos!$G:$G,Eventos!$F:$F,$L38,Eventos!$D:$D,$C$2,Eventos!$B:$B,PANES_SEMANALES[[#ALL],[SÁBADO]]) -> 0 | S38: =SUMIFS(Eventos!$G:$G,Eventos!$F:$F,$L38,Eventos!$D:$D,$C$2,Eventos!$B:$B,PANES_SEMANALES[[#ALL],[DOMINGO]]) -> 0 | T38: =SUM(M38:S38) -> 0
B39: RESUMEN PROTEINA SEMANAL | C39: LUNES | D39: MARTES | E39: MIÉRCOLES | F39: JUEVES | G39: VIERNES | H39: SÁBADO | I39: DOMINGO | J39: TOTAL | M39: =SUMIFS(Eventos!$G:$G,Eventos!$F:$F,$L39,Eventos!$D:$D,$C$2,Eventos!$B:$B,PANES_SEMANALES[[#ALL],[LUNES]]) -> 0 | N39: =SUMIFS(Eventos!$G:$G,Eventos!$F:$F,$L39,Eventos!$D:$D,$C$2,Eventos!$B:$B,PANES_SEMANALES[[#ALL],[MARTES]]) -> 0 | O39: =SUMIFS(Eventos!$G:$G,Eventos!$F:$F,$L39,Eventos!$D:$D,$C$2,Eventos!$B:$B,PANES_SEMANALES[[#ALL],[MIÉRCOLES]]) -> 0 | P39: =SUMIFS(Eventos!$G:$G,Eventos!$F:$F,$L39,Eventos!$D:$D,$C$2,Eventos!$B:$B,PANES_SEMANALES[[#ALL],[JUEVES]]) -> 0 | Q39: =IF(P39<>"",SUMIFS(Eventos!$G:$G,Eventos!$B:$B,Q$2,Eventos!$D:$D,$C$2,Eventos!$F:$F,$L39),"") -> 0 | R39: =SUMIFS(Eventos!$G:$G,Eventos!$F:$F,$L39,Eventos!$D:$D,$C$2,Eventos!$B:$B,PANES_SEMANALES[[#ALL],[SÁBADO]]) -> 0 | S39: =SUMIFS(Eventos!$G:$G,Eventos!$F:$F,$L39,Eventos!$D:$D,$C$2,Eventos!$B:$B,PANES_SEMANALES[[#ALL],[DOMINGO]]) -> 0 | T39: =SUM(M39:S39) -> 0
A40: {=SEQUENCE(COUNTA(B40:B53),1)} -> 1 | B40: =IFERROR(__xludf.DUMMYFUNCTION("SORT(UNIQUE(FILTER(Eventos!K:K,Eventos!D:D=C2)),1,TRUE)"),"#N/A") -> #N/A | C40: =SUMIFS(Eventos!$L:$L,Eventos!$B:$B,C$39,Eventos!$K:$K,$B40,Eventos!$D:$D,$C$2) -> 0 | D40: =SUMIFS(Eventos!$L:$L,Eventos!$B:$B,D$39,Eventos!$K:$K,$B40,Eventos!$D:$D,$C$2) -> 0 | E40: =SUMIFS(Eventos!$L:$L,Eventos!$B:$B,E$39,Eventos!$K:$K,$B40,Eventos!$D:$D,$C$2) -> 0 | F40: =SUMIFS(Eventos!$L:$L,Eventos!$B:$B,F$39,Eventos!$K:$K,$B40,Eventos!$D:$D,$C$2) -> 0 | G40: =SUMIFS(Eventos!$L:$L,Eventos!$B:$B,G$39,Eventos!$K:$K,$B40,Eventos!$D:$D,$C$2) -> 0 | H40: =SUMIFS(Eventos!$L:$L,Eventos!$B:$B,H$39,Eventos!$K:$K,$B40,Eventos!$D:$D,$C$2) -> 0 | I40: =SUMIFS(Eventos!$L:$L,Eventos!$B:$B,I$39,Eventos!$K:$K,$B40,Eventos!$D:$D,$C$2) -> 0 | J40: =SUM(C40:I40) -> 0 | M40: =SUMIFS(Eventos!$G:$G,Eventos!$F:$F,$L40,Eventos!$D:$D,$C$2,Eventos!$B:$B,PANES_SEMANALES[[#ALL],[LUNES]]) -> 0 | N40: =SUMIFS(Eventos!$G:$G,Eventos!$F:$F,$L40,Eventos!$D:$D,$C$2,Eventos!$B:$B,PANES_SEMANALES[[#ALL],[MARTES]]) -> 0 | O40: =SUMIFS(Eventos!$G:$G,Eventos!$F:$F,$L40,Eventos!$D:$D,$C$2,Eventos!$B:$B,PANES_SEMANALES[[#ALL],[MIÉRCOLES]]) -> 0 | P40: =SUMIFS(Eventos!$G:$G,Eventos!$F:$F,$L40,Eventos!$D:$D,$C$2,Eventos!$B:$B,PANES_SEMANALES[[#ALL],[JUEVES]]) -> 0 | Q40: =IF(P40<>"",SUMIFS(Eventos!$G:$G,Eventos!$B:$B,Q$2,Eventos!$D:$D,$C$2,Eventos!$F:$F,$L40),"") -> 0 | R40: =SUMIFS(Eventos!$G:$G,Eventos!$F:$F,$L40,Eventos!$D:$D,$C$2,Eventos!$B:$B,PANES_SEMANALES[[#ALL],[SÁBADO]]) -> 0 | S40: =SUMIFS(Eventos!$G:$G,Eventos!$F:$F,$L40,Eventos!$D:$D,$C$2,Eventos!$B:$B,PANES_SEMANALES[[#ALL],[DOMINGO]]) -> 0 | T40: =SUM(M40:S40) -> 0
C41: =SUMIFS(Eventos!$L:$L,Eventos!$B:$B,C$39,Eventos!$K:$K,$B41,Eventos!$D:$D,$C$2) -> 0 | D41: =SUMIFS(Eventos!$L:$L,Eventos!$B:$B,D$39,Eventos!$K:$K,$B41,Eventos!$D:$D,$C$2) -> 0 | E41: =SUMIFS(Eventos!$L:$L,Eventos!$B:$B,E$39,Eventos!$K:$K,$B41,Eventos!$D:$D,$C$2) -> 0 | F41: =SUMIFS(Eventos!$L:$L,Eventos!$B:$B,F$39,Eventos!$K:$K,$B41,Eventos!$D:$D,$C$2) -> 0 | G41: =SUMIFS(Eventos!$L:$L,Eventos!$B:$B,G$39,Eventos!$K:$K,$B41,Eventos!$D:$D,$C$2) -> 0 | H41: =SUMIFS(Eventos!$L:$L,Eventos!$B:$B,H$39,Eventos!$K:$K,$B41,Eventos!$D:$D,$C$2) -> 0 | I41: =SUMIFS(Eventos!$L:$L,Eventos!$B:$B,I$39,Eventos!$K:$K,$B41,Eventos!$D:$D,$C$2) -> 0 | J41: =SUM(C41:I41) -> 0 | M41: =SUMIFS(Eventos!$G:$G,Eventos!$F:$F,$L41,Eventos!$D:$D,$C$2,Eventos!$B:$B,PANES_SEMANALES[[#ALL],[LUNES]]) -> 0 | N41: =SUMIFS(Eventos!$G:$G,Eventos!$F:$F,$L41,Eventos!$D:$D,$C$2,Eventos!$B:$B,PANES_SEMANALES[[#ALL],[MARTES]]) -> 0 | O41: =SUMIFS(Eventos!$G:$G,Eventos!$F:$F,$L41,Eventos!$D:$D,$C$2,Eventos!$B:$B,PANES_SEMANALES[[#ALL],[MIÉRCOLES]]) -> 0 | P41: =SUMIFS(Eventos!$G:$G,Eventos!$F:$F,$L41,Eventos!$D:$D,$C$2,Eventos!$B:$B,PANES_SEMANALES[[#ALL],[JUEVES]]) -> 0 | Q41: =IF(P41<>"",SUMIFS(Eventos!$G:$G,Eventos!$B:$B,Q$2,Eventos!$D:$D,$C$2,Eventos!$F:$F,$L41),"") -> 0 | R41: =SUMIFS(Eventos!$G:$G,Eventos!$F:$F,$L41,Eventos!$D:$D,$C$2,Eventos!$B:$B,PANES_SEMANALES[[#ALL],[SÁBADO]]) -> 0 | S41: =SUMIFS(Eventos!$G:$G,Eventos!$F:$F,$L41,Eventos!$D:$D,$C$2,Eventos!$B:$B,PANES_SEMANALES[[#ALL],[DOMINGO]]) -> 0 | T41: =SUM(M41:S41) -> 0
C42: =SUMIFS(Eventos!$L:$L,Eventos!$B:$B,C$39,Eventos!$K:$K,$B42,Eventos!$D:$D,$C$2) -> 0 | D42: =SUMIFS(Eventos!$L:$L,Eventos!$B:$B,D$39,Eventos!$K:$K,$B42,Eventos!$D:$D,$C$2) -> 0 | E42: =SUMIFS(Eventos!$L:$L,Eventos!$B:$B,E$39,Eventos!$K:$K,$B42,Eventos!$D:$D,$C$2) -> 0 | F42: =SUMIFS(Eventos!$L:$L,Eventos!$B:$B,F$39,Eventos!$K:$K,$B42,Eventos!$D:$D,$C$2) -> 0 | G42: =SUMIFS(Eventos!$L:$L,Eventos!$B:$B,G$39,Eventos!$K:$K,$B42,Eventos!$D:$D,$C$2) -> 0 | H42: =SUMIFS(Eventos!$L:$L,Eventos!$B:$B,H$39,Eventos!$K:$K,$B42,Eventos!$D:$D,$C$2) -> 0 | I42: =SUMIFS(Eventos!$L:$L,Eventos!$B:$B,I$39,Eventos!$K:$K,$B42,Eventos!$D:$D,$C$2) -> 0 | J42: =SUM(C42:I42) -> 0 | M42: =SUMIFS(Eventos!$G:$G,Eventos!$F:$F,$L42,Eventos!$D:$D,$C$2,Eventos!$B:$B,PANES_SEMANALES[[#ALL],[LUNES]]) -> 0 | N42: =SUMIFS(Eventos!$G:$G,Eventos!$F:$F,$L42,Eventos!$D:$D,$C$2,Eventos!$B:$B,PANES_SEMANALES[[#ALL],[MARTES]]) -> 0 | O42: =SUMIFS(Eventos!$G:$G,Eventos!$F:$F,$L42,Eventos!$D:$D,$C$2,Eventos!$B:$B,PANES_SEMANALES[[#ALL],[MIÉRCOLES]]) -> 0 | P42: =SUMIFS(Eventos!$G:$G,Eventos!$F:$F,$L42,Eventos!$D:$D,$C$2,Eventos!$B:$B,PANES_SEMANALES[[#ALL],[JUEVES]]) -> 0 | Q42: =IF(P42<>"",SUMIFS(Eventos!$G:$G,Eventos!$B:$B,Q$2,Eventos!$D:$D,$C$2,Eventos!$F:$F,$L42),"") -> 0 | R42: =SUMIFS(Eventos!$G:$G,Eventos!$F:$F,$L42,Eventos!$D:$D,$C$2,Eventos!$B:$B,PANES_SEMANALES[[#ALL],[SÁBADO]]) -> 0 | S42: =SUMIFS(Eventos!$G:$G,Eventos!$F:$F,$L42,Eventos!$D:$D,$C$2,Eventos!$B:$B,PANES_SEMANALES[[#ALL],[DOMINGO]]) -> 0 | T42: =SUM(M42:S42) -> 0
C43: =SUMIFS(Eventos!$L:$L,Eventos!$B:$B,C$39,Eventos!$K:$K,$B43,Eventos!$D:$D,$C$2) -> 0 | D43: =SUMIFS(Eventos!$L:$L,Eventos!$B:$B,D$39,Eventos!$K:$K,$B43,Eventos!$D:$D,$C$2) -> 0 | E43: =SUMIFS(Eventos!$L:$L,Eventos!$B:$B,E$39,Eventos!$K:$K,$B43,Eventos!$D:$D,$C$2) -> 0 | F43: =SUMIFS(Eventos!$L:$L,Eventos!$B:$B,F$39,Eventos!$K:$K,$B43,Eventos!$D:$D,$C$2) -> 0 | G43: =SUMIFS(Eventos!$L:$L,Eventos!$B:$B,G$39,Eventos!$K:$K,$B43,Eventos!$D:$D,$C$2) -> 0 | H43: =SUMIFS(Eventos!$L:$L,Eventos!$B:$B,H$39,Eventos!$K:$K,$B43,Eventos!$D:$D,$C$2) -> 0 | I43: =SUMIFS(Eventos!$L:$L,Eventos!$B:$B,I$39,Eventos!$K:$K,$B43,Eventos!$D:$D,$C$2) -> 0 | J43: =SUM(C43:I43) -> 0 | M43: =SUMIFS(Eventos!$G:$G,Eventos!$F:$F,$L43,Eventos!$D:$D,$C$2,Eventos!$B:$B,PANES_SEMANALES[[#ALL],[LUNES]]) -> 0 | N43: =SUMIFS(Eventos!$G:$G,Eventos!$F:$F,$L43,Eventos!$D:$D,$C$2,Eventos!$B:$B,PANES_SEMANALES[[#ALL],[MARTES]]) -> 0 | O43: =SUMIFS(Eventos!$G:$G,Eventos!$F:$F,$L43,Eventos!$D:$D,$C$2,Eventos!$B:$B,PANES_SEMANALES[[#ALL],[MIÉRCOLES]]) -> 0 | P43: =SUMIFS(Eventos!$G:$G,Eventos!$F:$F,$L43,Eventos!$D:$D,$C$2,Eventos!$B:$B,PANES_SEMANALES[[#ALL],[JUEVES]]) -> 0 | Q43: =IF(P43<>"",SUMIFS(Eventos!$G:$G,Eventos!$B:$B,Q$2,Eventos!$D:$D,$C$2,Eventos!$F:$F,$L43),"") -> 0 | R43: =SUMIFS(Eventos!$G:$G,Eventos!$F:$F,$L43,Eventos!$D:$D,$C$2,Eventos!$B:$B,PANES_SEMANALES[[#ALL],[SÁBADO]]) -> 0 | S43: =SUMIFS(Eventos!$G:$G,Eventos!$F:$F,$L43,Eventos!$D:$D,$C$2,Eventos!$B:$B,PANES_SEMANALES[[#ALL],[DOMINGO]]) -> 0 | T43: =SUM(M43:S43) -> 0
C44: =SUMIFS(Eventos!$L:$L,Eventos!$B:$B,C$39,Eventos!$K:$K,$B44,Eventos!$D:$D,$C$2) -> 0 | D44: =SUMIFS(Eventos!$L:$L,Eventos!$B:$B,D$39,Eventos!$K:$K,$B44,Eventos!$D:$D,$C$2) -> 0 | E44: =SUMIFS(Eventos!$L:$L,Eventos!$B:$B,E$39,Eventos!$K:$K,$B44,Eventos!$D:$D,$C$2) -> 0 | F44: =SUMIFS(Eventos!$L:$L,Eventos!$B:$B,F$39,Eventos!$K:$K,$B44,Eventos!$D:$D,$C$2) -> 0 | G44: =SUMIFS(Eventos!$L:$L,Eventos!$B:$B,G$39,Eventos!$K:$K,$B44,Eventos!$D:$D,$C$2) -> 0 | H44: =SUMIFS(Eventos!$L:$L,Eventos!$B:$B,H$39,Eventos!$K:$K,$B44,Eventos!$D:$D,$C$2) -> 0 | I44: =SUMIFS(Eventos!$L:$L,Eventos!$B:$B,I$39,Eventos!$K:$K,$B44,Eventos!$D:$D,$C$2) -> 0 | J44: =SUM(C44:I44) -> 0 | M44: =SUMIFS(Eventos!$G:$G,Eventos!$F:$F,$L44,Eventos!$D:$D,$C$2,Eventos!$B:$B,PANES_SEMANALES[[#ALL],[LUNES]]) -> 0 | N44: =SUMIFS(Eventos!$G:$G,Eventos!$F:$F,$L44,Eventos!$D:$D,$C$2,Eventos!$B:$B,PANES_SEMANALES[[#ALL],[MARTES]]) -> 0 | O44: =SUMIFS(Eventos!$G:$G,Eventos!$F:$F,$L44,Eventos!$D:$D,$C$2,Eventos!$B:$B,PANES_SEMANALES[[#ALL],[MIÉRCOLES]]) -> 0 | P44: =SUMIFS(Eventos!$G:$G,Eventos!$F:$F,$L44,Eventos!$D:$D,$C$2,Eventos!$B:$B,PANES_SEMANALES[[#ALL],[JUEVES]]) -> 0 | Q44: =IF(P44<>"",SUMIFS(Eventos!$G:$G,Eventos!$B:$B,Q$2,Eventos!$D:$D,$C$2,Eventos!$F:$F,$L44),"") -> 0 | R44: =SUMIFS(Eventos!$G:$G,Eventos!$F:$F,$L44,Eventos!$D:$D,$C$2,Eventos!$B:$B,PANES_SEMANALES[[#ALL],[SÁBADO]]) -> 0 | S44: =SUMIFS(Eventos!$G:$G,Eventos!$F:$F,$L44,Eventos!$D:$D,$C$2,Eventos!$B:$B,PANES_SEMANALES[[#ALL],[DOMINGO]]) -> 0 | T44: =SUM(M44:S44) -> 0
C45: =SUMIFS(Eventos!$L:$L,Eventos!$B:$B,C$39,Eventos!$K:$K,$B45,Eventos!$D:$D,$C$2) -> 0 | D45: =SUMIFS(Eventos!$L:$L,Eventos!$B:$B,D$39,Eventos!$K:$K,$B45,Eventos!$D:$D,$C$2) -> 0 | E45: =SUMIFS(Eventos!$L:$L,Eventos!$B:$B,E$39,Eventos!$K:$K,$B45,Eventos!$D:$D,$C$2) -> 0 | F45: =SUMIFS(Eventos!$L:$L,Eventos!$B:$B,F$39,Eventos!$K:$K,$B45,Eventos!$D:$D,$C$2) -> 0 | G45: =SUMIFS(Eventos!$L:$L,Eventos!$B:$B,G$39,Eventos!$K:$K,$B45,Eventos!$D:$D,$C$2) -> 0 | H45: =SUMIFS(Eventos!$L:$L,Eventos!$B:$B,H$39,Eventos!$K:$K,$B45,Eventos!$D:$D,$C$2) -> 0 | I45: =SUMIFS(Eventos!$L:$L,Eventos!$B:$B,I$39,Eventos!$K:$K,$B45,Eventos!$D:$D,$C$2) -> 0 | J45: =SUM(C45:I45) -> 0 | M45: =SUMIFS(Eventos!$G:$G,Eventos!$F:$F,$L45,Eventos!$D:$D,$C$2,Eventos!$B:$B,PANES_SEMANALES[[#ALL],[LUNES]]) -> 0 | N45: =SUMIFS(Eventos!$G:$G,Eventos!$F:$F,$L45,Eventos!$D:$D,$C$2,Eventos!$B:$B,PANES_SEMANALES[[#ALL],[MARTES]]) -> 0 | O45: =SUMIFS(Eventos!$G:$G,Eventos!$F:$F,$L45,Eventos!$D:$D,$C$2,Eventos!$B:$B,PANES_SEMANALES[[#ALL],[MIÉRCOLES]]) -> 0 | P45: =SUMIFS(Eventos!$G:$G,Eventos!$F:$F,$L45,Eventos!$D:$D,$C$2,Eventos!$B:$B,PANES_SEMANALES[[#ALL],[JUEVES]]) -> 0 | Q45: =IF(P45<>"",SUMIFS(Eventos!$G:$G,Eventos!$B:$B,Q$2,Eventos!$D:$D,$C$2,Eventos!$F:$F,$L45),"") -> 0 | R45: =SUMIFS(Eventos!$G:$G,Eventos!$F:$F,$L45,Eventos!$D:$D,$C$2,Eventos!$B:$B,PANES_SEMANALES[[#ALL],[SÁBADO]]) -> 0 | S45: =SUMIFS(Eventos!$G:$G,Eventos!$F:$F,$L45,Eventos!$D:$D,$C$2,Eventos!$B:$B,PANES_SEMANALES[[#ALL],[DOMINGO]]) -> 0 | T45: =SUM(M45:S45) -> 0
C46: =SUMIFS(Eventos!$L:$L,Eventos!$B:$B,C$39,Eventos!$K:$K,$B46,Eventos!$D:$D,$C$2) -> 0 | D46: =SUMIFS(Eventos!$L:$L,Eventos!$B:$B,D$39,Eventos!$K:$K,$B46,Eventos!$D:$D,$C$2) -> 0 | E46: =SUMIFS(Eventos!$L:$L,Eventos!$B:$B,E$39,Eventos!$K:$K,$B46,Eventos!$D:$D,$C$2) -> 0 | F46: =SUMIFS(Eventos!$L:$L,Eventos!$B:$B,F$39,Eventos!$K:$K,$B46,Eventos!$D:$D,$C$2) -> 0 | G46: =SUMIFS(Eventos!$L:$L,Eventos!$B:$B,G$39,Eventos!$K:$K,$B46,Eventos!$D:$D,$C$2) -> 0 | H46: =SUMIFS(Eventos!$L:$L,Eventos!$B:$B,H$39,Eventos!$K:$K,$B46,Eventos!$D:$D,$C$2) -> 0 | I46: =SUMIFS(Eventos!$L:$L,Eventos!$B:$B,I$39,Eventos!$K:$K,$B46,Eventos!$D:$D,$C$2) -> 0 | J46: =SUM(C46:I46) -> 0 | M46: =SUMIFS(Eventos!$G:$G,Eventos!$F:$F,$L46,Eventos!$D:$D,$C$2,Eventos!$B:$B,PANES_SEMANALES[[#ALL],[LUNES]]) -> 0 | N46: =SUMIFS(Eventos!$G:$G,Eventos!$F:$F,$L46,Eventos!$D:$D,$C$2,Eventos!$B:$B,PANES_SEMANALES[[#ALL],[MARTES]]) -> 0 | O46: =SUMIFS(Eventos!$G:$G,Eventos!$F:$F,$L46,Eventos!$D:$D,$C$2,Eventos!$B:$B,PANES_SEMANALES[[#ALL],[MIÉRCOLES]]) -> 0 | P46: =SUMIFS(Eventos!$G:$G,Eventos!$F:$F,$L46,Eventos!$D:$D,$C$2,Eventos!$B:$B,PANES_SEMANALES[[#ALL],[JUEVES]]) -> 0 | Q46: =IF(P46<>"",SUMIFS(Eventos!$G:$G,Eventos!$B:$B,Q$2,Eventos!$D:$D,$C$2,Eventos!$F:$F,$L46),"") -> 0 | R46: =SUMIFS(Eventos!$G:$G,Eventos!$F:$F,$L46,Eventos!$D:$D,$C$2,Eventos!$B:$B,PANES_SEMANALES[[#ALL],[SÁBADO]]) -> 0 | S46: =SUMIFS(Eventos!$G:$G,Eventos!$F:$F,$L46,Eventos!$D:$D,$C$2,Eventos!$B:$B,PANES_SEMANALES[[#ALL],[DOMINGO]]) -> 0 | T46: =SUM(M46:S46) -> 0
C47: =SUMIFS(Eventos!$L:$L,Eventos!$B:$B,C$39,Eventos!$K:$K,$B47,Eventos!$D:$D,$C$2) -> 0 | D47: =SUMIFS(Eventos!$L:$L,Eventos!$B:$B,D$39,Eventos!$K:$K,$B47,Eventos!$D:$D,$C$2) -> 0 | E47: =SUMIFS(Eventos!$L:$L,Eventos!$B:$B,E$39,Eventos!$K:$K,$B47,Eventos!$D:$D,$C$2) -> 0 | F47: =SUMIFS(Eventos!$L:$L,Eventos!$B:$B,F$39,Eventos!$K:$K,$B47,Eventos!$D:$D,$C$2) -> 0 | G47: =SUMIFS(Eventos!$L:$L,Eventos!$B:$B,G$39,Eventos!$K:$K,$B47,Eventos!$D:$D,$C$2) -> 0 | H47: =SUMIFS(Eventos!$L:$L,Eventos!$B:$B,H$39,Eventos!$K:$K,$B47,Eventos!$D:$D,$C$2) -> 0 | I47: =SUMIFS(Eventos!$L:$L,Eventos!$B:$B,I$39,Eventos!$K:$K,$B47,Eventos!$D:$D,$C$2) -> 0 | J47: =SUM(C47:I47) -> 0 | M47: =SUMIFS(Eventos!$G:$G,Eventos!$F:$F,$L47,Eventos!$D:$D,$C$2,Eventos!$B:$B,PANES_SEMANALES[[#ALL],[LUNES]]) -> 0 | N47: =SUMIFS(Eventos!$G:$G,Eventos!$F:$F,$L47,Eventos!$D:$D,$C$2,Eventos!$B:$B,PANES_SEMANALES[[#ALL],[MARTES]]) -> 0 | O47: =SUMIFS(Eventos!$G:$G,Eventos!$F:$F,$L47,Eventos!$D:$D,$C$2,Eventos!$B:$B,PANES_SEMANALES[[#ALL],[MIÉRCOLES]]) -> 0 | P47: =SUMIFS(Eventos!$G:$G,Eventos!$F:$F,$L47,Eventos!$D:$D,$C$2,Eventos!$B:$B,PANES_SEMANALES[[#ALL],[JUEVES]]) -> 0 | Q47: =IF(P47<>"",SUMIFS(Eventos!$G:$G,Eventos!$B:$B,Q$2,Eventos!$D:$D,$C$2,Eventos!$F:$F,$L47),"") -> 0 | R47: =SUMIFS(Eventos!$G:$G,Eventos!$F:$F,$L47,Eventos!$D:$D,$C$2,Eventos!$B:$B,PANES_SEMANALES[[#ALL],[SÁBADO]]) -> 0 | S47: =SUMIFS(Eventos!$G:$G,Eventos!$F:$F,$L47,Eventos!$D:$D,$C$2,Eventos!$B:$B,PANES_SEMANALES[[#ALL],[DOMINGO]]) -> 0 | T47: =SUM(M47:S47) -> 0
C48: =SUMIFS(Eventos!$L:$L,Eventos!$B:$B,C$39,Eventos!$K:$K,$B48,Eventos!$D:$D,$C$2) -> 0 | D48: =SUMIFS(Eventos!$L:$L,Eventos!$B:$B,D$39,Eventos!$K:$K,$B48,Eventos!$D:$D,$C$2) -> 0 | E48: =SUMIFS(Eventos!$L:$L,Eventos!$B:$B,E$39,Eventos!$K:$K,$B48,Eventos!$D:$D,$C$2) -> 0 | F48: =SUMIFS(Eventos!$L:$L,Eventos!$B:$B,F$39,Eventos!$K:$K,$B48,Eventos!$D:$D,$C$2) -> 0 | G48: =SUMIFS(Eventos!$L:$L,Eventos!$B:$B,G$39,Eventos!$K:$K,$B48,Eventos!$D:$D,$C$2) -> 0 | H48: =SUMIFS(Eventos!$L:$L,Eventos!$B:$B,H$39,Eventos!$K:$K,$B48,Eventos!$D:$D,$C$2) -> 0 | I48: =SUMIFS(Eventos!$L:$L,Eventos!$B:$B,I$39,Eventos!$K:$K,$B48,Eventos!$D:$D,$C$2) -> 0 | J48: =SUM(C48:I48) -> 0 | M48: =SUMIFS(Eventos!$G:$G,Eventos!$F:$F,$L48,Eventos!$D:$D,$C$2,Eventos!$B:$B,PANES_SEMANALES[[#ALL],[LUNES]]) -> 0 | N48: =SUMIFS(Eventos!$G:$G,Eventos!$F:$F,$L48,Eventos!$D:$D,$C$2,Eventos!$B:$B,PANES_SEMANALES[[#ALL],[MARTES]]) -> 0 | O48: =SUMIFS(Eventos!$G:$G,Eventos!$F:$F,$L48,Eventos!$D:$D,$C$2,Eventos!$B:$B,PANES_SEMANALES[[#ALL],[MIÉRCOLES]]) -> 0 | P48: =SUMIFS(Eventos!$G:$G,Eventos!$F:$F,$L48,Eventos!$D:$D,$C$2,Eventos!$B:$B,PANES_SEMANALES[[#ALL],[JUEVES]]) -> 0 | Q48: =IF(P48<>"",SUMIFS(Eventos!$G:$G,Eventos!$B:$B,Q$2,Eventos!$D:$D,$C$2,Eventos!$F:$F,$L48),"") -> 0 | R48: =SUMIFS(Eventos!$G:$G,Eventos!$F:$F,$L48,Eventos!$D:$D,$C$2,Eventos!$B:$B,PANES_SEMANALES[[#ALL],[SÁBADO]]) -> 0 | S48: =SUMIFS(Eventos!$G:$G,Eventos!$F:$F,$L48,Eventos!$D:$D,$C$2,Eventos!$B:$B,PANES_SEMANALES[[#ALL],[DOMINGO]]) -> 0 | T48: =SUM(M48:S48) -> 0
C49: =SUMIFS(Eventos!$L:$L,Eventos!$B:$B,C$39,Eventos!$K:$K,$B49,Eventos!$D:$D,$C$2) -> 0 | D49: =SUMIFS(Eventos!$L:$L,Eventos!$B:$B,D$39,Eventos!$K:$K,$B49,Eventos!$D:$D,$C$2) -> 0 | E49: =SUMIFS(Eventos!$L:$L,Eventos!$B:$B,E$39,Eventos!$K:$K,$B49,Eventos!$D:$D,$C$2) -> 0 | F49: =SUMIFS(Eventos!$L:$L,Eventos!$B:$B,F$39,Eventos!$K:$K,$B49,Eventos!$D:$D,$C$2) -> 0 | G49: =SUMIFS(Eventos!$L:$L,Eventos!$B:$B,G$39,Eventos!$K:$K,$B49,Eventos!$D:$D,$C$2) -> 0 | H49: =SUMIFS(Eventos!$L:$L,Eventos!$B:$B,H$39,Eventos!$K:$K,$B49,Eventos!$D:$D,$C$2) -> 0 | I49: =SUMIFS(Eventos!$L:$L,Eventos!$B:$B,I$39,Eventos!$K:$K,$B49,Eventos!$D:$D,$C$2) -> 0 | J49: =SUM(C49:I49) -> 0 | M49: =SUMIFS(Eventos!$G:$G,Eventos!$F:$F,$L49,Eventos!$D:$D,$C$2,Eventos!$B:$B,PANES_SEMANALES[[#ALL],[LUNES]]) -> 0 | N49: =SUMIFS(Eventos!$G:$G,Eventos!$F:$F,$L49,Eventos!$D:$D,$C$2,Eventos!$B:$B,PANES_SEMANALES[[#ALL],[MARTES]]) -> 0 | O49: =SUMIFS(Eventos!$G:$G,Eventos!$F:$F,$L49,Eventos!$D:$D,$C$2,Eventos!$B:$B,PANES_SEMANALES[[#ALL],[MIÉRCOLES]]) -> 0 | P49: =SUMIFS(Eventos!$G:$G,Eventos!$F:$F,$L49,Eventos!$D:$D,$C$2,Eventos!$B:$B,PANES_SEMANALES[[#ALL],[JUEVES]]) -> 0 | Q49: =IF(P49<>"",SUMIFS(Eventos!$G:$G,Eventos!$B:$B,Q$2,Eventos!$D:$D,$C$2,Eventos!$F:$F,$L49),"") -> 0 | R49: =SUMIFS(Eventos!$G:$G,Eventos!$F:$F,$L49,Eventos!$D:$D,$C$2,Eventos!$B:$B,PANES_SEMANALES[[#ALL],[SÁBADO]]) -> 0 | S49: =SUMIFS(Eventos!$G:$G,Eventos!$F:$F,$L49,Eventos!$D:$D,$C$2,Eventos!$B:$B,PANES_SEMANALES[[#ALL],[DOMINGO]]) -> 0 | T49: =SUM(M49:S49) -> 0
C50: =SUMIFS(Eventos!$L:$L,Eventos!$B:$B,C$39,Eventos!$K:$K,$B50,Eventos!$D:$D,$C$2) -> 0 | D50: =SUMIFS(Eventos!$L:$L,Eventos!$B:$B,D$39,Eventos!$K:$K,$B50,Eventos!$D:$D,$C$2) -> 0 | E50: =SUMIFS(Eventos!$L:$L,Eventos!$B:$B,E$39,Eventos!$K:$K,$B50,Eventos!$D:$D,$C$2) -> 0 | F50: =SUMIFS(Eventos!$L:$L,Eventos!$B:$B,F$39,Eventos!$K:$K,$B50,Eventos!$D:$D,$C$2) -> 0 | G50: =SUMIFS(Eventos!$L:$L,Eventos!$B:$B,G$39,Eventos!$K:$K,$B50,Eventos!$D:$D,$C$2) -> 0 | H50: =SUMIFS(Eventos!$L:$L,Eventos!$B:$B,H$39,Eventos!$K:$K,$B50,Eventos!$D:$D,$C$2) -> 0 | I50: =SUMIFS(Eventos!$L:$L,Eventos!$B:$B,I$39,Eventos!$K:$K,$B50,Eventos!$D:$D,$C$2) -> 0 | J50: =SUM(C50:I50) -> 0 | M50: =SUMIFS(Eventos!$G:$G,Eventos!$F:$F,$L50,Eventos!$D:$D,$C$2,Eventos!$B:$B,PANES_SEMANALES[[#ALL],[LUNES]]) -> 0 | N50: =SUMIFS(Eventos!$G:$G,Eventos!$F:$F,$L50,Eventos!$D:$D,$C$2,Eventos!$B:$B,PANES_SEMANALES[[#ALL],[MARTES]]) -> 0 | O50: =SUMIFS(Eventos!$G:$G,Eventos!$F:$F,$L50,Eventos!$D:$D,$C$2,Eventos!$B:$B,PANES_SEMANALES[[#ALL],[MIÉRCOLES]]) -> 0 | P50: =SUMIFS(Eventos!$G:$G,Eventos!$F:$F,$L50,Eventos!$D:$D,$C$2,Eventos!$B:$B,PANES_SEMANALES[[#ALL],[JUEVES]]) -> 0 | Q50: =IF(P50<>"",SUMIFS(Eventos!$G:$G,Eventos!$B:$B,Q$2,Eventos!$D:$D,$C$2,Eventos!$F:$F,$L50),"") -> 0 | R50: =SUMIFS(Eventos!$G:$G,Eventos!$F:$F,$L50,Eventos!$D:$D,$C$2,Eventos!$B:$B,PANES_SEMANALES[[#ALL],[SÁBADO]]) -> 0 | S50: =SUMIFS(Eventos!$G:$G,Eventos!$F:$F,$L50,Eventos!$D:$D,$C$2,Eventos!$B:$B,PANES_SEMANALES[[#ALL],[DOMINGO]]) -> 0 | T50: =SUM(M50:S50) -> 0
C51: =SUMIFS(Eventos!$L:$L,Eventos!$B:$B,C$39,Eventos!$K:$K,$B51,Eventos!$D:$D,$C$2) -> 0 | D51: =SUMIFS(Eventos!$L:$L,Eventos!$B:$B,D$39,Eventos!$K:$K,$B51,Eventos!$D:$D,$C$2) -> 0 | E51: =SUMIFS(Eventos!$L:$L,Eventos!$B:$B,E$39,Eventos!$K:$K,$B51,Eventos!$D:$D,$C$2) -> 0 | F51: =SUMIFS(Eventos!$L:$L,Eventos!$B:$B,F$39,Eventos!$K:$K,$B51,Eventos!$D:$D,$C$2) -> 0 | G51: =SUMIFS(Eventos!$L:$L,Eventos!$B:$B,G$39,Eventos!$K:$K,$B51,Eventos!$D:$D,$C$2) -> 0 | H51: =SUMIFS(Eventos!$L:$L,Eventos!$B:$B,H$39,Eventos!$K:$K,$B51,Eventos!$D:$D,$C$2) -> 0 | I51: =SUMIFS(Eventos!$L:$L,Eventos!$B:$B,I$39,Eventos!$K:$K,$B51,Eventos!$D:$D,$C$2) -> 0 | J51: =SUM(C51:I51) -> 0 | M51: =SUMIFS(Eventos!$G:$G,Eventos!$F:$F,$L51,Eventos!$D:$D,$C$2,Eventos!$B:$B,PANES_SEMANALES[[#ALL],[LUNES]]) -> 0 | N51: =SUMIFS(Eventos!$G:$G,Eventos!$F:$F,$L51,Eventos!$D:$D,$C$2,Eventos!$B:$B,PANES_SEMANALES[[#ALL],[MARTES]]) -> 0 | O51: =SUMIFS(Eventos!$G:$G,Eventos!$F:$F,$L51,Eventos!$D:$D,$C$2,Eventos!$B:$B,PANES_SEMANALES[[#ALL],[MIÉRCOLES]]) -> 0 | P51: =SUMIFS(Eventos!$G:$G,Eventos!$F:$F,$L51,Eventos!$D:$D,$C$2,Eventos!$B:$B,PANES_SEMANALES[[#ALL],[JUEVES]]) -> 0 | Q51: =IF(P51<>"",SUMIFS(Eventos!$G:$G,Eventos!$B:$B,Q$2,Eventos!$D:$D,$C$2,Eventos!$F:$F,$L51),"") -> 0 | R51: =SUMIFS(Eventos!$G:$G,Eventos!$F:$F,$L51,Eventos!$D:$D,$C$2,Eventos!$B:$B,PANES_SEMANALES[[#ALL],[SÁBADO]]) -> 0 | S51: =SUMIFS(Eventos!$G:$G,Eventos!$F:$F,$L51,Eventos!$D:$D,$C$2,Eventos!$B:$B,PANES_SEMANALES[[#ALL],[DOMINGO]]) -> 0 | T51: =SUM(M51:S51) -> 0
C52: =SUMIFS(Eventos!$L:$L,Eventos!$B:$B,C$39,Eventos!$K:$K,$B52,Eventos!$D:$D,$C$2) -> 0 | D52: =SUMIFS(Eventos!$L:$L,Eventos!$B:$B,D$39,Eventos!$K:$K,$B52,Eventos!$D:$D,$C$2) -> 0 | E52: =SUMIFS(Eventos!$L:$L,Eventos!$B:$B,E$39,Eventos!$K:$K,$B52,Eventos!$D:$D,$C$2) -> 0 | F52: =SUMIFS(Eventos!$L:$L,Eventos!$B:$B,F$39,Eventos!$K:$K,$B52,Eventos!$D:$D,$C$2) -> 0 | G52: =SUMIFS(Eventos!$L:$L,Eventos!$B:$B,G$39,Eventos!$K:$K,$B52,Eventos!$D:$D,$C$2) -> 0 | H52: =SUMIFS(Eventos!$L:$L,Eventos!$B:$B,H$39,Eventos!$K:$K,$B52,Eventos!$D:$D,$C$2) -> 0 | I52: =SUMIFS(Eventos!$L:$L,Eventos!$B:$B,I$39,Eventos!$K:$K,$B52,Eventos!$D:$D,$C$2) -> 0 | J52: =SUM(C52:I52) -> 0 | M52: =SUMIFS(Eventos!$G:$G,Eventos!$F:$F,$L52,Eventos!$D:$D,$C$2,Eventos!$B:$B,PANES_SEMANALES[[#ALL],[LUNES]]) -> 0 | N52: =SUMIFS(Eventos!$G:$G,Eventos!$F:$F,$L52,Eventos!$D:$D,$C$2,Eventos!$B:$B,PANES_SEMANALES[[#ALL],[MARTES]]) -> 0 | O52: =SUMIFS(Eventos!$G:$G,Eventos!$F:$F,$L52,Eventos!$D:$D,$C$2,Eventos!$B:$B,PANES_SEMANALES[[#ALL],[MIÉRCOLES]]) -> 0 | P52: =SUMIFS(Eventos!$G:$G,Eventos!$F:$F,$L52,Eventos!$D:$D,$C$2,Eventos!$B:$B,PANES_SEMANALES[[#ALL],[JUEVES]]) -> 0 | Q52: =IF(P52<>"",SUMIFS(Eventos!$G:$G,Eventos!$B:$B,Q$2,Eventos!$D:$D,$C$2,Eventos!$F:$F,$L52),"") -> 0 | R52: =SUMIFS(Eventos!$G:$G,Eventos!$F:$F,$L52,Eventos!$D:$D,$C$2,Eventos!$B:$B,PANES_SEMANALES[[#ALL],[SÁBADO]]) -> 0 | S52: =SUMIFS(Eventos!$G:$G,Eventos!$F:$F,$L52,Eventos!$D:$D,$C$2,Eventos!$B:$B,PANES_SEMANALES[[#ALL],[DOMINGO]]) -> 0 | T52: =SUM(M52:S52) -> 0
... C54: =SUMIFS(Eventos!$L:$L,Eventos!$B:$B,C$39,Eventos!$K:$K,$B54,Eventos!$D:$D,$C$2) -> 0 | D54: =SUMIFS(Eventos!$L:$L,Eventos!$B:$B,D$39,Eventos!$K:$K,$B54,Eventos!$D:$D,$C$2) -> 0 | E54: =SUMIFS(Eventos!$L:$L,Eventos!$B:$B,E$39,Eventos!$K:$K,$B54,Eventos!$D:$D,$C$2) -> 0 | F54: =SUMIFS(Eventos!$L:$L,Eventos!$B:$B,F$39,Eventos!$K:$K,$B54,Eventos!$D:$D,$C$2) -> 0 | G54: =SUMIFS(Eventos!$L:$L,Eventos!$B:$B,G$39,Eventos!$K:$K,$B54,Eventos!$D:$D,$C$2) -> 0 | H54: =SUMIFS(Eventos!$L:$L,Eventos!$B:$B,H$39,Eventos!$K:$K,$B54,Eventos!$D:$D,$C$2) -> 0 | I54: =SUMIFS(Eventos!$L:$L,Eventos!$B:$B,I$39,Eventos!$K:$K,$B54,Eventos!$D:$D,$C$2) -> 0 | J54: =SUM(C54:I54) -> 0 | M54: =SUMIFS(Eventos!$G:$G,Eventos!$F:$F,$L54,Eventos!$D:$D,$C$2,Eventos!$B:$B,PANES_SEMANALES[[#ALL],[LUNES]]) -> 0 | N54: =SUMIFS(Eventos!$G:$G,Eventos!$F:$F,$L54,Eventos!$D:$D,$C$2,Eventos!$B:$B,PANES_SEMANALES[[#ALL],[MARTES]]) -> 0 | O54: =SUMIFS(Eventos!$G:$G,Eventos!$F:$F,$L54,Eventos!$D:$D,$C$2,Eventos!$B:$B,PANES_SEMANALES[[#ALL],[MIÉRCOLES]]) -> 0 | P54: =SUMIFS(Eventos!$G:$G,Eventos!$F:$F,$L54,Eventos!$D:$D,$C$2,Eventos!$B:$B,PANES_SEMANALES[[#ALL],[JUEVES]]) -> 0 | Q54: =IF(P54<>"",SUMIFS(Eventos!$G:$G,Eventos!$B:$B,Q$2,Eventos!$D:$D,$C$2,Eventos!$F:$F,$L54),"") -> 0 | R54: =SUMIFS(Eventos!$G:$G,Eventos!$F:$F,$L54,Eventos!$D:$D,$C$2,Eventos!$B:$B,PANES_SEMANALES[[#ALL],[SÁBADO]]) -> 0 | S54: =SUMIFS(Eventos!$G:$G,Eventos!$F:$F,$L54,Eventos!$D:$D,$C$2,Eventos!$B:$B,PANES_SEMANALES[[#ALL],[DOMINGO]]) -> 0 | T54: =SUM(M54:S54) -> 0
M55: =SUMIFS(Eventos!$G:$G,Eventos!$F:$F,$L55,Eventos!$D:$D,$C$2,Eventos!$B:$B,PANES_SEMANALES[[#ALL],[LUNES]]) -> 0 | N55: =SUMIFS(Eventos!$G:$G,Eventos!$F:$F,$L55,Eventos!$D:$D,$C$2,Eventos!$B:$B,PANES_SEMANALES[[#ALL],[MARTES]]) -> 0 | O55: =SUMIFS(Eventos!$G:$G,Eventos!$F:$F,$L55,Eventos!$D:$D,$C$2,Eventos!$B:$B,PANES_SEMANALES[[#ALL],[MIÉRCOLES]]) -> 0 | P55: =SUMIFS(Eventos!$G:$G,Eventos!$F:$F,$L55,Eventos!$D:$D,$C$2,Eventos!$B:$B,PANES_SEMANALES[[#ALL],[JUEVES]]) -> 0 | Q55: =IF(P55<>"",SUMIFS(Eventos!$G:$G,Eventos!$B:$B,Q$2,Eventos!$D:$D,$C$2,Eventos!$F:$F,$L55),"") -> 0 | R55: =SUMIFS(Eventos!$G:$G,Eventos!$F:$F,$L55,Eventos!$D:$D,$C$2,Eventos!$B:$B,PANES_SEMANALES[[#ALL],[SÁBADO]]) -> 0 | S55: =SUMIFS(Eventos!$G:$G,Eventos!$F:$F,$L55,Eventos!$D:$D,$C$2,Eventos!$B:$B,PANES_SEMANALES[[#ALL],[DOMINGO]]) -> 0 | T55: =SUM(M55:S55) -> 0
M56: =SUMIFS(Eventos!$G:$G,Eventos!$F:$F,$L56,Eventos!$D:$D,$C$2,Eventos!$B:$B,PANES_SEMANALES[[#ALL],[LUNES]]) -> 0 | N56: =SUMIFS(Eventos!$G:$G,Eventos!$F:$F,$L56,Eventos!$D:$D,$C$2,Eventos!$B:$B,PANES_SEMANALES[[#ALL],[MARTES]]) -> 0 | O56: =SUMIFS(Eventos!$G:$G,Eventos!$F:$F,$L56,Eventos!$D:$D,$C$2,Eventos!$B:$B,PANES_SEMANALES[[#ALL],[MIÉRCOLES]]) -> 0 | P56: =SUMIFS(Eventos!$G:$G,Eventos!$F:$F,$L56,Eventos!$D:$D,$C$2,Eventos!$B:$B,PANES_SEMANALES[[#ALL],[JUEVES]]) -> 0 | Q56: =IF(P56<>"",SUMIFS(Eventos!$G:$G,Eventos!$B:$B,Q$2,Eventos!$D:$D,$C$2,Eventos!$F:$F,$L56),"") -> 0 | R56: =SUMIFS(Eventos!$G:$G,Eventos!$F:$F,$L56,Eventos!$D:$D,$C$2,Eventos!$B:$B,PANES_SEMANALES[[#ALL],[SÁBADO]]) -> 0 | S56: =SUMIFS(Eventos!$G:$G,Eventos!$F:$F,$L56,Eventos!$D:$D,$C$2,Eventos!$B:$B,PANES_SEMANALES[[#ALL],[DOMINGO]]) -> 0 | T56: =SUM(M56:S56) -> 0
M57: =SUMIFS(Eventos!$G:$G,Eventos!$F:$F,$L57,Eventos!$D:$D,$C$2,Eventos!$B:$B,PANES_SEMANALES[[#ALL],[LUNES]]) -> 0 | N57: =SUMIFS(Eventos!$G:$G,Eventos!$F:$F,$L57,Eventos!$D:$D,$C$2,Eventos!$B:$B,PANES_SEMANALES[[#ALL],[MARTES]]) -> 0 | O57: =SUMIFS(Eventos!$G:$G,Eventos!$F:$F,$L57,Eventos!$D:$D,$C$2,Eventos!$B:$B,PANES_SEMANALES[[#ALL],[MIÉRCOLES]]) -> 0 | P57: =SUMIFS(Eventos!$G:$G,Eventos!$F:$F,$L57,Eventos!$D:$D,$C$2,Eventos!$B:$B,PANES_SEMANALES[[#ALL],[JUEVES]]) -> 0 | Q57: =IF(P57<>"",SUMIFS(Eventos!$G:$G,Eventos!$B:$B,Q$2,Eventos!$D:$D,$C$2,Eventos!$F:$F,$L57),"") -> 0 | R57: =SUMIFS(Eventos!$G:$G,Eventos!$F:$F,$L57,Eventos!$D:$D,$C$2,Eventos!$B:$B,PANES_SEMANALES[[#ALL],[SÁBADO]]) -> 0 | S57: =SUMIFS(Eventos!$G:$G,Eventos!$F:$F,$L57,Eventos!$D:$D,$C$2,Eventos!$B:$B,PANES_SEMANALES[[#ALL],[DOMINGO]]) -> 0 | T57: =SUM(M57:S57) -> 0
M58: =SUMIFS(Eventos!$G:$G,Eventos!$F:$F,$L58,Eventos!$D:$D,$C$2,Eventos!$B:$B,PANES_SEMANALES[[#ALL],[LUNES]]) -> 0 | N58: =SUMIFS(Eventos!$G:$G,Eventos!$F:$F,$L58,Eventos!$D:$D,$C$2,Eventos!$B:$B,PANES_SEMANALES[[#ALL],[MARTES]]) -> 0 | O58: =SUMIFS(Eventos!$G:$G,Eventos!$F:$F,$L58,Eventos!$D:$D,$C$2,Eventos!$B:$B,PANES_SEMANALES[[#ALL],[MIÉRCOLES]]) -> 0 | P58: =SUMIFS(Eventos!$G:$G,Eventos!$F:$F,$L58,Eventos!$D:$D,$C$2,Eventos!$B:$B,PANES_SEMANALES[[#ALL],[JUEVES]]) -> 0 | Q58: =IF(P58<>"",SUMIFS(Eventos!$G:$G,Eventos!$B:$B,Q$2,Eventos!$D:$D,$C$2,Eventos!$F:$F,$L58),"") -> 0 | R58: =SUMIFS(Eventos!$G:$G,Eventos!$F:$F,$L58,Eventos!$D:$D,$C$2,Eventos!$B:$B,PANES_SEMANALES[[#ALL],[SÁBADO]]) -> 0 | S58: =SUMIFS(Eventos!$G:$G,Eventos!$F:$F,$L58,Eventos!$D:$D,$C$2,Eventos!$B:$B,PANES_SEMANALES[[#ALL],[DOMINGO]]) -> 0 | T58: =SUM(M58:S58) -> 0
B59: RESUMEN PALTA Y TOMATE SEMANAL PROCESADO | C59: LUNES | D59: MARTES | E59: MIÉRCOLES | F59: JUEVES | G59: VIERNES | H59: SÁBADO | I59: DOMINGO | J59: TOTAL | M59: =SUMIFS(Eventos!$G:$G,Eventos!$F:$F,$L59,Eventos!$D:$D,$C$2,Eventos!$B:$B,PANES_SEMANALES[[#ALL],[LUNES]]) -> 0 | N59: =SUMIFS(Eventos!$G:$G,Eventos!$F:$F,$L59,Eventos!$D:$D,$C$2,Eventos!$B:$B,PANES_SEMANALES[[#ALL],[MARTES]]) -> 0 | O59: =SUMIFS(Eventos!$G:$G,Eventos!$F:$F,$L59,Eventos!$D:$D,$C$2,Eventos!$B:$B,PANES_SEMANALES[[#ALL],[MIÉRCOLES]]) -> 0 | P59: =SUMIFS(Eventos!$G:$G,Eventos!$F:$F,$L59,Eventos!$D:$D,$C$2,Eventos!$B:$B,PANES_SEMANALES[[#ALL],[JUEVES]]) -> 0 | Q59: =IF(P59<>"",SUMIFS(Eventos!$G:$G,Eventos!$B:$B,Q$2,Eventos!$D:$D,$C$2,Eventos!$F:$F,$L59),"") -> 0 | R59: =SUMIFS(Eventos!$G:$G,Eventos!$F:$F,$L59,Eventos!$D:$D,$C$2,Eventos!$B:$B,PANES_SEMANALES[[#ALL],[SÁBADO]]) -> 0 | S59: =SUMIFS(Eventos!$G:$G,Eventos!$F:$F,$L59,Eventos!$D:$D,$C$2,Eventos!$B:$B,PANES_SEMANALES[[#ALL],[DOMINGO]]) -> 0 | T59: =SUM(M59:S59) -> 0
B60: Tomate Laminado | C60: =SUMIFS(Eventos!$N:$N,Eventos!$M:$M,$B60,Eventos!$B:$B,C$59,Eventos!$D:$D,$C$2) -> 0 | D60: =SUMIFS(Eventos!$N:$N,Eventos!$M:$M,$B60,Eventos!$B:$B,D$59,Eventos!$D:$D,$C$2) -> 0 | E60: =SUMIFS(Eventos!$N:$N,Eventos!$M:$M,$B60,Eventos!$B:$B,E$59,Eventos!$D:$D,$C$2) -> 0 | F60: =SUMIFS(Eventos!$N:$N,Eventos!$M:$M,$B60,Eventos!$B:$B,F$59,Eventos!$D:$D,$C$2) -> 0 | G60: =SUMIFS(Eventos!$N:$N,Eventos!$M:$M,$B60,Eventos!$B:$B,G$59,Eventos!$D:$D,$C$2) -> 0 | H60: =SUMIFS(Eventos!$N:$N,Eventos!$M:$M,$B60,Eventos!$B:$B,H$59,Eventos!$D:$D,$C$2) -> 0 | I60: =SUMIFS(Eventos!$N:$N,Eventos!$M:$M,$B60,Eventos!$B:$B,I$59,Eventos!$D:$D,$C$2) -> 0 | J60: =SUM(C60:I60) -> 0 | M60: =SUMIFS(Eventos!$G:$G,Eventos!$F:$F,$L60,Eventos!$D:$D,$C$2,Eventos!$B:$B,PANES_SEMANALES[[#ALL],[LUNES]]) -> 0 | N60: =SUMIFS(Eventos!$G:$G,Eventos!$F:$F,$L60,Eventos!$D:$D,$C$2,Eventos!$B:$B,PANES_SEMANALES[[#ALL],[MARTES]]) -> 0 | O60: =SUMIFS(Eventos!$G:$G,Eventos!$F:$F,$L60,Eventos!$D:$D,$C$2,Eventos!$B:$B,PANES_SEMANALES[[#ALL],[MIÉRCOLES]]) -> 0 | P60: =SUMIFS(Eventos!$G:$G,Eventos!$F:$F,$L60,Eventos!$D:$D,$C$2,Eventos!$B:$B,PANES_SEMANALES[[#ALL],[JUEVES]]) -> 0 | Q60: =IF(P60<>"",SUMIFS(Eventos!$G:$G,Eventos!$B:$B,Q$2,Eventos!$D:$D,$C$2,Eventos!$F:$F,$L60),"") -> 0 | R60: =SUMIFS(Eventos!$G:$G,Eventos!$F:$F,$L60,Eventos!$D:$D,$C$2,Eventos!$B:$B,PANES_SEMANALES[[#ALL],[SÁBADO]]) -> 0 | S60: =SUMIFS(Eventos!$G:$G,Eventos!$F:$F,$L60,Eventos!$D:$D,$C$2,Eventos!$B:$B,PANES_SEMANALES[[#ALL],[DOMINGO]]) -> 0 | T60: =SUM(M60:S60) -> 0
B61: Tomate Picado | C61: =SUMIFS(Eventos!$N:$N,Eventos!$M:$M,$B61,Eventos!$B:$B,C$59,Eventos!$D:$D,$C$2) -> 0 | D61: =SUMIFS(Eventos!$N:$N,Eventos!$M:$M,$B61,Eventos!$B:$B,D$59,Eventos!$D:$D,$C$2) -> 0 | E61: =SUMIFS(Eventos!$N:$N,Eventos!$M:$M,$B61,Eventos!$B:$B,E$59,Eventos!$D:$D,$C$2) -> 0 | F61: =SUMIFS(Eventos!$N:$N,Eventos!$M:$M,$B61,Eventos!$B:$B,F$59,Eventos!$D:$D,$C$2) -> 0 | G61: =SUMIFS(Eventos!$N:$N,Eventos!$M:$M,$B61,Eventos!$B:$B,G$59,Eventos!$D:$D,$C$2) -> 0 | H61: =SUMIFS(Eventos!$N:$N,Eventos!$M:$M,$B61,Eventos!$B:$B,H$59,Eventos!$D:$D,$C$2) -> 0 | I61: =SUMIFS(Eventos!$N:$N,Eventos!$M:$M,$B61,Eventos!$B:$B,I$59,Eventos!$D:$D,$C$2) -> 0 | J61: =SUM(C61:I61) -> 0 | M61: =SUMIFS(Eventos!$G:$G,Eventos!$F:$F,$L61,Eventos!$D:$D,$C$2,Eventos!$B:$B,PANES_SEMANALES[[#ALL],[LUNES]]) -> 0 | N61: =SUMIFS(Eventos!$G:$G,Eventos!$F:$F,$L61,Eventos!$D:$D,$C$2,Eventos!$B:$B,PANES_SEMANALES[[#ALL],[MARTES]]) -> 0 | O61: =SUMIFS(Eventos!$G:$G,Eventos!$F:$F,$L61,Eventos!$D:$D,$C$2,Eventos!$B:$B,PANES_SEMANALES[[#ALL],[MIÉRCOLES]]) -> 0 | P61: =SUMIFS(Eventos!$G:$G,Eventos!$F:$F,$L61,Eventos!$D:$D,$C$2,Eventos!$B:$B,PANES_SEMANALES[[#ALL],[JUEVES]]) -> 0 | Q61: =IF(P61<>"",SUMIFS(Eventos!$G:$G,Eventos!$B:$B,Q$2,Eventos!$D:$D,$C$2,Eventos!$F:$F,$L61),"") -> 0 | R61: =SUMIFS(Eventos!$G:$G,Eventos!$F:$F,$L61,Eventos!$D:$D,$C$2,Eventos!$B:$B,PANES_SEMANALES[[#ALL],[SÁBADO]]) -> 0 | S61: =SUMIFS(Eventos!$G:$G,Eventos!$F:$F,$L61,Eventos!$D:$D,$C$2,Eventos!$B:$B,PANES_SEMANALES[[#ALL],[DOMINGO]]) -> 0 | T61: =SUM(M61:S61) -> 0
B62: Palta | C62: =SUMIFS(Eventos!$P:$P,Eventos!$O:$O,$B62,Eventos!$B:$B,C$59,Eventos!$D:$D,$C$2) -> 0 | D62: =SUMIFS(Eventos!$P:$P,Eventos!$O:$O,$B62,Eventos!$B:$B,D$59,Eventos!$D:$D,$C$2) -> 0 | E62: =SUMIFS(Eventos!$P:$P,Eventos!$O:$O,$B62,Eventos!$B:$B,E$59,Eventos!$D:$D,$C$2) -> 0 | F62: =SUMIFS(Eventos!$P:$P,Eventos!$O:$O,$B62,Eventos!$B:$B,F$59,Eventos!$D:$D,$C$2) -> 0 | G62: =SUMIFS(Eventos!$P:$P,Eventos!$O:$O,$B62,Eventos!$B:$B,G$59,Eventos!$D:$D,$C$2) -> 0 | H62: =SUMIFS(Eventos!$P:$P,Eventos!$O:$O,$B62,Eventos!$B:$B,H$59,Eventos!$D:$D,$C$2) -> 0 | I62: =SUMIFS(Eventos!$P:$P,Eventos!$O:$O,$B62,Eventos!$B:$B,I$59,Eventos!$D:$D,$C$2) -> 0 | J62: =SUM(C62:I62) -> 0 | M62: =SUMIFS(Eventos!$G:$G,Eventos!$F:$F,$L62,Eventos!$D:$D,$C$2,Eventos!$B:$B,PANES_SEMANALES[[#ALL],[LUNES]]) -> 0 | N62: =SUMIFS(Eventos!$G:$G,Eventos!$F:$F,$L62,Eventos!$D:$D,$C$2,Eventos!$B:$B,PANES_SEMANALES[[#ALL],[MARTES]]) -> 0 | O62: =SUMIFS(Eventos!$G:$G,Eventos!$F:$F,$L62,Eventos!$D:$D,$C$2,Eventos!$B:$B,PANES_SEMANALES[[#ALL],[MIÉRCOLES]]) -> 0 | P62: =SUMIFS(Eventos!$G:$G,Eventos!$F:$F,$L62,Eventos!$D:$D,$C$2,Eventos!$B:$B,PANES_SEMANALES[[#ALL],[JUEVES]]) -> 0 | Q62: =IF(P62<>"",SUMIFS(Eventos!$G:$G,Eventos!$B:$B,Q$2,Eventos!$D:$D,$C$2,Eventos!$F:$F,$L62),"") -> 0 | R62: =SUMIFS(Eventos!$G:$G,Eventos!$F:$F,$L62,Eventos!$D:$D,$C$2,Eventos!$B:$B,PANES_SEMANALES[[#ALL],[SÁBADO]]) -> 0 | S62: =SUMIFS(Eventos!$G:$G,Eventos!$F:$F,$L62,Eventos!$D:$D,$C$2,Eventos!$B:$B,PANES_SEMANALES[[#ALL],[DOMINGO]]) -> 0 | T62: =SUM(M62:S62) -> 0
M63: =SUMIFS(Eventos!$G:$G,Eventos!$F:$F,$L63,Eventos!$D:$D,$C$2,Eventos!$B:$B,PANES_SEMANALES[[#ALL],[LUNES]]) -> 0 | N63: =SUMIFS(Eventos!$G:$G,Eventos!$F:$F,$L63,Eventos!$D:$D,$C$2,Eventos!$B:$B,PANES_SEMANALES[[#ALL],[MARTES]]) -> 0 | O63: =SUMIFS(Eventos!$G:$G,Eventos!$F:$F,$L63,Eventos!$D:$D,$C$2,Eventos!$B:$B,PANES_SEMANALES[[#ALL],[MIÉRCOLES]]) -> 0 | P63: =SUMIFS(Eventos!$G:$G,Eventos!$F:$F,$L63,Eventos!$D:$D,$C$2,Eventos!$B:$B,PANES_SEMANALES[[#ALL],[JUEVES]]) -> 0 | Q63: =IF(P63<>"",SUMIFS(Eventos!$G:$G,Eventos!$B:$B,Q$2,Eventos!$D:$D,$C$2,Eventos!$F:$F,$L63),"") -> 0 | R63: =SUMIFS(Eventos!$G:$G,Eventos!$F:$F,$L63,Eventos!$D:$D,$C$2,Eventos!$B:$B,PANES_SEMANALES[[#ALL],[SÁBADO]]) -> 0 | S63: =SUMIFS(Eventos!$G:$G,Eventos!$F:$F,$L63,Eventos!$D:$D,$C$2,Eventos!$B:$B,PANES_SEMANALES[[#ALL],[DOMINGO]]) -> 0 | T63: =SUM(M63:S63) -> 0
M64: =SUMIFS(Eventos!$G:$G,Eventos!$F:$F,$L64,Eventos!$D:$D,$C$2,Eventos!$B:$B,PANES_SEMANALES[[#ALL],[LUNES]]) -> 0 | N64: =SUMIFS(Eventos!$G:$G,Eventos!$F:$F,$L64,Eventos!$D:$D,$C$2,Eventos!$B:$B,PANES_SEMANALES[[#ALL],[MARTES]]) -> 0 | O64: =SUMIFS(Eventos!$G:$G,Eventos!$F:$F,$L64,Eventos!$D:$D,$C$2,Eventos!$B:$B,PANES_SEMANALES[[#ALL],[MIÉRCOLES]]) -> 0 | P64: =SUMIFS(Eventos!$G:$G,Eventos!$F:$F,$L64,Eventos!$D:$D,$C$2,Eventos!$B:$B,PANES_SEMANALES[[#ALL],[JUEVES]]) -> 0 | Q64: =IF(P64<>"",SUMIFS(Eventos!$G:$G,Eventos!$B:$B,Q$2,Eventos!$D:$D,$C$2,Eventos!$F:$F,$L64),"") -> 0 | R64: =SUMIFS(Eventos!$G:$G,Eventos!$F:$F,$L64,Eventos!$D:$D,$C$2,Eventos!$B:$B,PANES_SEMANALES[[#ALL],[SÁBADO]]) -> 0 | S64: =SUMIFS(Eventos!$G:$G,Eventos!$F:$F,$L64,Eventos!$D:$D,$C$2,Eventos!$B:$B,PANES_SEMANALES[[#ALL],[DOMINGO]]) -> 0 | T64: =SUM(M64:S64) -> 0
B65: PEDIDO PALTA Y TOMATE SEMANAL (BELTRA) | C65: LUNES | D65: MARTES | E65: MIÉRCOLES | F65: JUEVES | G65: VIERNES | H65: SÁBADO | I65: DOMINGO | J65: TOTAL | M65: =SUMIFS(Eventos!$G:$G,Eventos!$F:$F,$L65,Eventos!$D:$D,$C$2,Eventos!$B:$B,PANES_SEMANALES[[#ALL],[LUNES]]) -> 0 | N65: =SUMIFS(Eventos!$G:$G,Eventos!$F:$F,$L65,Eventos!$D:$D,$C$2,Eventos!$B:$B,PANES_SEMANALES[[#ALL],[MARTES]]) -> 0 | O65: =SUMIFS(Eventos!$G:$G,Eventos!$F:$F,$L65,Eventos!$D:$D,$C$2,Eventos!$B:$B,PANES_SEMANALES[[#ALL],[MIÉRCOLES]]) -> 0 | P65: =SUMIFS(Eventos!$G:$G,Eventos!$F:$F,$L65,Eventos!$D:$D,$C$2,Eventos!$B:$B,PANES_SEMANALES[[#ALL],[JUEVES]]) -> 0 | Q65: =IF(P65<>"",SUMIFS(Eventos!$G:$G,Eventos!$B:$B,Q$2,Eventos!$D:$D,$C$2,Eventos!$F:$F,$L65),"") -> 0 | R65: =SUMIFS(Eventos!$G:$G,Eventos!$F:$F,$L65,Eventos!$D:$D,$C$2,Eventos!$B:$B,PANES_SEMANALES[[#ALL],[SÁBADO]]) -> 0 | S65: =SUMIFS(Eventos!$G:$G,Eventos!$F:$F,$L65,Eventos!$D:$D,$C$2,Eventos!$B:$B,PANES_SEMANALES[[#ALL],[DOMINGO]]) -> 0 | T65: =SUM(M65:S65) -> 0
B66: TOMATE | C66: =(C60*20.5)+(C61*20%)+C61 -> 0 | D66: =(D60*20.5)+(D61*20%)+D61 -> 0 | E66: =(E60*20.5)+(E61*20%)+E61 -> 0 | F66: =(F60*20.5)+(F61*20%)+F61 -> 0 | G66: =(G60*20.5)+(G61*20%)+G61 -> 0 | H66: =(H60*20.5)+(H61*20%)+H61 -> 0 | I66: =(I60*20.5)+(I61*20%)+I61 -> 0 | J66: =SUM(C66:I66) -> 0 | M66: =SUMIFS(Eventos!$G:$G,Eventos!$F:$F,$L66,Eventos!$D:$D,$C$2,Eventos!$B:$B,PANES_SEMANALES[[#ALL],[LUNES]]) -> 0 | N66: =SUMIFS(Eventos!$G:$G,Eventos!$F:$F,$L66,Eventos!$D:$D,$C$2,Eventos!$B:$B,PANES_SEMANALES[[#ALL],[MARTES]]) -> 0 | O66: =SUMIFS(Eventos!$G:$G,Eventos!$F:$F,$L66,Eventos!$D:$D,$C$2,Eventos!$B:$B,PANES_SEMANALES[[#ALL],[MIÉRCOLES]]) -> 0 | P66: =SUMIFS(Eventos!$G:$G,Eventos!$F:$F,$L66,Eventos!$D:$D,$C$2,Eventos!$B:$B,PANES_SEMANALES[[#ALL],[JUEVES]]) -> 0 | Q66: =IF(P66<>"",SUMIFS(Eventos!$G:$G,Eventos!$B:$B,Q$2,Eventos!$D:$D,$C$2,Eventos!$F:$F,$L66),"") -> 0 | R66: =SUMIFS(Eventos!$G:$G,Eventos!$F:$F,$L66,Eventos!$D:$D,$C$2,Eventos!$B:$B,PANES_SEMANALES[[#ALL],[SÁBADO]]) -> 0 | S66: =SUMIFS(Eventos!$G:$G,Eventos!$F:$F,$L66,Eventos!$D:$D,$C$2,Eventos!$B:$B,PANES_SEMANALES[[#ALL],[DOMINGO]]) -> 0 | T66: =SUM(M66:S66) -> 0
B67: PALTA | C67: =C62*1.4 -> 0 | D67: =D62*1.4 -> 0 | E67: =E62*1.4 -> 0 | F67: =F62*1.4 -> 0 | G67: =G62*1.4 -> 0 | H67: =H62*1.4 -> 0 | I67: =I62*1.4 -> 0 | J67: =SUM(C67:I67) -> 0 | M67: =SUMIFS(Eventos!$G:$G,Eventos!$F:$F,$L67,Eventos!$D:$D,$C$2,Eventos!$B:$B,PANES_SEMANALES[[#ALL],[LUNES]]) -> 0 | N67: =SUMIFS(Eventos!$G:$G,Eventos!$F:$F,$L67,Eventos!$D:$D,$C$2,Eventos!$B:$B,PANES_SEMANALES[[#ALL],[MARTES]]) -> 0 | O67: =SUMIFS(Eventos!$G:$G,Eventos!$F:$F,$L67,Eventos!$D:$D,$C$2,Eventos!$B:$B,PANES_SEMANALES[[#ALL],[MIÉRCOLES]]) -> 0 | P67: =SUMIFS(Eventos!$G:$G,Eventos!$F:$F,$L67,Eventos!$D:$D,$C$2,Eventos!$B:$B,PANES_SEMANALES[[#ALL],[JUEVES]]) -> 0 | Q67: =IF(P67<>"",SUMIFS(Eventos!$G:$G,Eventos!$B:$B,Q$2,Eventos!$D:$D,$C$2,Eventos!$F:$F,$L67),"") -> 0 | R67: =SUMIFS(Eventos!$G:$G,Eventos!$F:$F,$L67,Eventos!$D:$D,$C$2,Eventos!$B:$B,PANES_SEMANALES[[#ALL],[SÁBADO]]) -> 0 | S67: =SUMIFS(Eventos!$G:$G,Eventos!$F:$F,$L67,Eventos!$D:$D,$C$2,Eventos!$B:$B,PANES_SEMANALES[[#ALL],[DOMINGO]]) -> 0 | T67: =SUM(M67:S67) -> 0
M68: =SUMIFS(Eventos!$G:$G,Eventos!$F:$F,$L68,Eventos!$D:$D,$C$2,Eventos!$B:$B,PANES_SEMANALES[[#ALL],[LUNES]]) -> 0 | N68: =SUMIFS(Eventos!$G:$G,Eventos!$F:$F,$L68,Eventos!$D:$D,$C$2,Eventos!$B:$B,PANES_SEMANALES[[#ALL],[MARTES]]) -> 0 | O68: =SUMIFS(Eventos!$G:$G,Eventos!$F:$F,$L68,Eventos!$D:$D,$C$2,Eventos!$B:$B,PANES_SEMANALES[[#ALL],[MIÉRCOLES]]) -> 0 | P68: =SUMIFS(Eventos!$G:$G,Eventos!$F:$F,$L68,Eventos!$D:$D,$C$2,Eventos!$B:$B,PANES_SEMANALES[[#ALL],[JUEVES]]) -> 0 | Q68: =IF(P68<>"",SUMIFS(Eventos!$G:$G,Eventos!$B:$B,Q$2,Eventos!$D:$D,$C$2,Eventos!$F:$F,$L68),"") -> 0 | R68: =SUMIFS(Eventos!$G:$G,Eventos!$F:$F,$L68,Eventos!$D:$D,$C$2,Eventos!$B:$B,PANES_SEMANALES[[#ALL],[SÁBADO]]) -> 0 | S68: =SUMIFS(Eventos!$G:$G,Eventos!$F:$F,$L68,Eventos!$D:$D,$C$2,Eventos!$B:$B,PANES_SEMANALES[[#ALL],[DOMINGO]]) -> 0 | T68: =SUM(M68:S68) -> 0
M69: =SUMIFS(Eventos!$G:$G,Eventos!$F:$F,$L69,Eventos!$D:$D,$C$2,Eventos!$B:$B,PANES_SEMANALES[[#ALL],[LUNES]]) -> 0 | N69: =SUMIFS(Eventos!$G:$G,Eventos!$F:$F,$L69,Eventos!$D:$D,$C$2,Eventos!$B:$B,PANES_SEMANALES[[#ALL],[MARTES]]) -> 0 | O69: =SUMIFS(Eventos!$G:$G,Eventos!$F:$F,$L69,Eventos!$D:$D,$C$2,Eventos!$B:$B,PANES_SEMANALES[[#ALL],[MIÉRCOLES]]) -> 0 | P69: =SUMIFS(Eventos!$G:$G,Eventos!$F:$F,$L69,Eventos!$D:$D,$C$2,Eventos!$B:$B,PANES_SEMANALES[[#ALL],[JUEVES]]) -> 0 | Q69: =IF(P69<>"",SUMIFS(Eventos!$G:$G,Eventos!$B:$B,Q$2,Eventos!$D:$D,$C$2,Eventos!$F:$F,$L69),"") -> 0 | R69: =SUMIFS(Eventos!$G:$G,Eventos!$F:$F,$L69,Eventos!$D:$D,$C$2,Eventos!$B:$B,PANES_SEMANALES[[#ALL],[SÁBADO]]) -> 0 | S69: =SUMIFS(Eventos!$G:$G,Eventos!$F:$F,$L69,Eventos!$D:$D,$C$2,Eventos!$B:$B,PANES_SEMANALES[[#ALL],[DOMINGO]]) -> 0 | T69: =SUM(M69:S69) -> 0
B70: PEDIDO PALTA Y TOMATE SEMANAL (BELTRA) | C70: LUNES | D70: MARTES | E70: MIÉRCOLES | F70: JUEVES | G70: VIERNES | H70: SÁBADO | I70: DOMINGO | J70: TOTAL | M70: =SUMIFS(Eventos!$G:$G,Eventos!$F:$F,$L70,Eventos!$D:$D,$C$2,Eventos!$B:$B,PANES_SEMANALES[[#ALL],[LUNES]]) -> 0 | N70: =SUMIFS(Eventos!$G:$G,Eventos!$F:$F,$L70,Eventos!$D:$D,$C$2,Eventos!$B:$B,PANES_SEMANALES[[#ALL],[MARTES]]) -> 0 | O70: =SUMIFS(Eventos!$G:$G,Eventos!$F:$F,$L70,Eventos!$D:$D,$C$2,Eventos!$B:$B,PANES_SEMANALES[[#ALL],[MIÉRCOLES]]) -> 0 | P70: =SUMIFS(Eventos!$G:$G,Eventos!$F:$F,$L70,Eventos!$D:$D,$C$2,Eventos!$B:$B,PANES_SEMANALES[[#ALL],[JUEVES]]) -> 0 | Q70: =IF(P70<>"",SUMIFS(Eventos!$G:$G,Eventos!$B:$B,Q$2,Eventos!$D:$D,$C$2,Eventos!$F:$F,$L70),"") -> 0 | R70: =SUMIFS(Eventos!$G:$G,Eventos!$F:$F,$L70,Eventos!$D:$D,$C$2,Eventos!$B:$B,PANES_SEMANALES[[#ALL],[SÁBADO]]) -> 0 | S70: =SUMIFS(Eventos!$G:$G,Eventos!$F:$F,$L70,Eventos!$D:$D,$C$2,Eventos!$B:$B,PANES_SEMANALES[[#ALL],[DOMINGO]]) -> 0 | T70: =SUM(M70:S70) -> 0
B71: Queso | C71: =SUMIFS(Eventos!$R:$R,Eventos!$Q:$Q,$B71,Eventos!$B:$B,C$70,Eventos!$D:$D,$C$2) -> 0 | D71: =SUMIFS(Eventos!$R:$R,Eventos!$Q:$Q,$B71,Eventos!$B:$B,D$70,Eventos!$D:$D,$C$2) -> 0 | E71: =SUMIFS(Eventos!$R:$R,Eventos!$Q:$Q,$B71,Eventos!$B:$B,E$70,Eventos!$D:$D,$C$2) -> 0 | F71: =SUMIFS(Eventos!$R:$R,Eventos!$Q:$Q,$B71,Eventos!$B:$B,F$70,Eventos!$D:$D,$C$2) -> 0 | G71: =SUMIFS(Eventos!$R:$R,Eventos!$Q:$Q,$B71,Eventos!$B:$B,G$70,Eventos!$D:$D,$C$2) -> 0 | H71: =SUMIFS(Eventos!$R:$R,Eventos!$Q:$Q,$B71,Eventos!$B:$B,H$70,Eventos!$D:$D,$C$2) -> 0 | I71: =SUMIFS(Eventos!$R:$R,Eventos!$Q:$Q,$B71,Eventos!$B:$B,I$70,Eventos!$D:$D,$C$2) -> 0 | J71: =SUM(C71:I71) -> 0 | M71: =SUMIFS(Eventos!$G:$G,Eventos!$F:$F,$L71,Eventos!$D:$D,$C$2,Eventos!$B:$B,PANES_SEMANALES[[#ALL],[LUNES]]) -> 0 | N71: =SUMIFS(Eventos!$G:$G,Eventos!$F:$F,$L71,Eventos!$D:$D,$C$2,Eventos!$B:$B,PANES_SEMANALES[[#ALL],[MARTES]]) -> 0 | O71: =SUMIFS(Eventos!$G:$G,Eventos!$F:$F,$L71,Eventos!$D:$D,$C$2,Eventos!$B:$B,PANES_SEMANALES[[#ALL],[MIÉRCOLES]]) -> 0 | P71: =SUMIFS(Eventos!$G:$G,Eventos!$F:$F,$L71,Eventos!$D:$D,$C$2,Eventos!$B:$B,PANES_SEMANALES[[#ALL],[JUEVES]]) -> 0 | Q71: =IF(P71<>"",SUMIFS(Eventos!$G:$G,Eventos!$B:$B,Q$2,Eventos!$D:$D,$C$2,Eventos!$F:$F,$L71),"") -> 0 | R71: =SUMIFS(Eventos!$G:$G,Eventos!$F:$F,$L71,Eventos!$D:$D,$C$2,Eventos!$B:$B,PANES_SEMANALES[[#ALL],[SÁBADO]]) -> 0 | S71: =SUMIFS(Eventos!$G:$G,Eventos!$F:$F,$L71,Eventos!$D:$D,$C$2,Eventos!$B:$B,PANES_SEMANALES[[#ALL],[DOMINGO]]) -> 0 | T71: =SUM(M71:S71) -> 0
B72: Lechuga | C72: =SUMIFS(Eventos!$T:$T,Eventos!$S:$S,$B72,Eventos!$B:$B,C$70,Eventos!$D:$D,$C$2) -> 0 | D72: =SUMIFS(Eventos!$T:$T,Eventos!$S:$S,$B72,Eventos!$B:$B,D$70,Eventos!$D:$D,$C$2) -> 0 | E72: =SUMIFS(Eventos!$T:$T,Eventos!$S:$S,$B72,Eventos!$B:$B,E$70,Eventos!$D:$D,$C$2) -> 0 | F72: =SUMIFS(Eventos!$T:$T,Eventos!$S:$S,$B72,Eventos!$B:$B,F$70,Eventos!$D:$D,$C$2) -> 0 | G72: =SUMIFS(Eventos!$T:$T,Eventos!$S:$S,$B72,Eventos!$B:$B,G$70,Eventos!$D:$D,$C$2) -> 0 | H72: =SUMIFS(Eventos!$T:$T,Eventos!$S:$S,$B72,Eventos!$B:$B,H$70,Eventos!$D:$D,$C$2) -> 0 | I72: =SUMIFS(Eventos!$T:$T,Eventos!$S:$S,$B72,Eventos!$B:$B,I$70,Eventos!$D:$D,$C$2) -> 0 | J72: =SUM(C72:I72) -> 0 | M72: =SUMIFS(Eventos!$G:$G,Eventos!$F:$F,$L72,Eventos!$D:$D,$C$2,Eventos!$B:$B,PANES_SEMANALES[[#ALL],[LUNES]]) -> 0 | N72: =SUMIFS(Eventos!$G:$G,Eventos!$F:$F,$L72,Eventos!$D:$D,$C$2,Eventos!$B:$B,PANES_SEMANALES[[#ALL],[MARTES]]) -> 0 | O72: =SUMIFS(Eventos!$G:$G,Eventos!$F:$F,$L72,Eventos!$D:$D,$C$2,Eventos!$B:$B,PANES_SEMANALES[[#ALL],[MIÉRCOLES]]) -> 0 | P72: =SUMIFS(Eventos!$G:$G,Eventos!$F:$F,$L72,Eventos!$D:$D,$C$2,Eventos!$B:$B,PANES_SEMANALES[[#ALL],[JUEVES]]) -> 0 | Q72: =IF(P72<>"",SUMIFS(Eventos!$G:$G,Eventos!$B:$B,Q$2,Eventos!$D:$D,$C$2,Eventos!$F:$F,$L72),"") -> 0 | R72: =SUMIFS(Eventos!$G:$G,Eventos!$F:$F,$L72,Eventos!$D:$D,$C$2,Eventos!$B:$B,PANES_SEMANALES[[#ALL],[SÁBADO]]) -> 0 | S72: =SUMIFS(Eventos!$G:$G,Eventos!$F:$F,$L72,Eventos!$D:$D,$C$2,Eventos!$B:$B,PANES_SEMANALES[[#ALL],[DOMINGO]]) -> 0 | T72: =SUM(M72:S72) -> 0
B73: Cebolla Caramelizada | C73: =SUMIFS(Eventos!$V:$V,Eventos!$U:$U,$B73,Eventos!$B:$B,C$70,Eventos!$D:$D,$C$2) -> 0 | D73: =SUMIFS(Eventos!$V:$V,Eventos!$U:$U,$B73,Eventos!$B:$B,D$70,Eventos!$D:$D,$C$2) -> 0 | E73: =SUMIFS(Eventos!$V:$V,Eventos!$U:$U,$B73,Eventos!$B:$B,E$70,Eventos!$D:$D,$C$2) -> 0 | F73: =SUMIFS(Eventos!$V:$V,Eventos!$U:$U,$B73,Eventos!$B:$B,F$70,Eventos!$D:$D,$C$2) -> 0 | G73: =SUMIFS(Eventos!$V:$V,Eventos!$U:$U,$B73,Eventos!$B:$B,G$70,Eventos!$D:$D,$C$2) -> 0 | H73: =SUMIFS(Eventos!$V:$V,Eventos!$U:$U,$B73,Eventos!$B:$B,H$70,Eventos!$D:$D,$C$2) -> 0 | I73: =SUMIFS(Eventos!$V:$V,Eventos!$U:$U,$B73,Eventos!$B:$B,I$70,Eventos!$D:$D,$C$2) -> 0 | J73: =SUM(C73:I73) -> 0 | M73: =SUMIFS(Eventos!$G:$G,Eventos!$F:$F,$L73,Eventos!$D:$D,$C$2,Eventos!$B:$B,PANES_SEMANALES[[#ALL],[LUNES]]) -> 0 | N73: =SUMIFS(Eventos!$G:$G,Eventos!$F:$F,$L73,Eventos!$D:$D,$C$2,Eventos!$B:$B,PANES_SEMANALES[[#ALL],[MARTES]]) -> 0 | O73: =SUMIFS(Eventos!$G:$G,Eventos!$F:$F,$L73,Eventos!$D:$D,$C$2,Eventos!$B:$B,PANES_SEMANALES[[#ALL],[MIÉRCOLES]]) -> 0 | P73: =SUMIFS(Eventos!$G:$G,Eventos!$F:$F,$L73,Eventos!$D:$D,$C$2,Eventos!$B:$B,PANES_SEMANALES[[#ALL],[JUEVES]]) -> 0 | Q73: =IF(P73<>"",SUMIFS(Eventos!$G:$G,Eventos!$B:$B,Q$2,Eventos!$D:$D,$C$2,Eventos!$F:$F,$L73),"") -> 0 | R73: =SUMIFS(Eventos!$G:$G,Eventos!$F:$F,$L73,Eventos!$D:$D,$C$2,Eventos!$B:$B,PANES_SEMANALES[[#ALL],[SÁBADO]]) -> 0 | S73: =SUMIFS(Eventos!$G:$G,Eventos!$F:$F,$L73,Eventos!$D:$D,$C$2,Eventos!$B:$B,PANES_SEMANALES[[#ALL],[DOMINGO]]) -> 0 | T73: =SUM(M73:S73) -> 0
B74: Crema Ácida | C74: =SUMIFS(Eventos!$X:$X,Eventos!$W:$W,$B74,Eventos!$B:$B,C$70,Eventos!$D:$D,$C$2) -> 0 | D74: =SUMIFS(Eventos!$X:$X,Eventos!$W:$W,$B74,Eventos!$B:$B,D$70,Eventos!$D:$D,$C$2) -> 0 | E74: =SUMIFS(Eventos!$X:$X,Eventos!$W:$W,$B74,Eventos!$B:$B,E$70,Eventos!$D:$D,$C$2) -> 0 | F74: =SUMIFS(Eventos!$X:$X,Eventos!$W:$W,$B74,Eventos!$B:$B,F$70,Eventos!$D:$D,$C$2) -> 0 | G74: =SUMIFS(Eventos!$X:$X,Eventos!$W:$W,$B74,Eventos!$B:$B,G$70,Eventos!$D:$D,$C$2) -> 0 | H74: =SUMIFS(Eventos!$X:$X,Eventos!$W:$W,$B74,Eventos!$B:$B,H$70,Eventos!$D:$D,$C$2) -> 0 | I74: =SUMIFS(Eventos!$X:$X,Eventos!$W:$W,$B74,Eventos!$B:$B,I$70,Eventos!$D:$D,$C$2) -> 0 | J74: =SUM(C74:I74) -> 0 | M74: =SUMIFS(Eventos!$G:$G,Eventos!$F:$F,$L74,Eventos!$D:$D,$C$2,Eventos!$B:$B,PANES_SEMANALES[[#ALL],[LUNES]]) -> 0 | N74: =SUMIFS(Eventos!$G:$G,Eventos!$F:$F,$L74,Eventos!$D:$D,$C$2,Eventos!$B:$B,PANES_SEMANALES[[#ALL],[MARTES]]) -> 0 | O74: =SUMIFS(Eventos!$G:$G,Eventos!$F:$F,$L74,Eventos!$D:$D,$C$2,Eventos!$B:$B,PANES_SEMANALES[[#ALL],[MIÉRCOLES]]) -> 0 | P74: =SUMIFS(Eventos!$G:$G,Eventos!$F:$F,$L74,Eventos!$D:$D,$C$2,Eventos!$B:$B,PANES_SEMANALES[[#ALL],[JUEVES]]) -> 0 | Q74: =IF(P74<>"",SUMIFS(Eventos!$G:$G,Eventos!$B:$B,Q$2,Eventos!$D:$D,$C$2,Eventos!$F:$F,$L74),"") -> 0 | R74: =SUMIFS(Eventos!$G:$G,Eventos!$F:$F,$L74,Eventos!$D:$D,$C$2,Eventos!$B:$B,PANES_SEMANALES[[#ALL],[SÁBADO]]) -> 0 | S74: =SUMIFS(Eventos!$G:$G,Eventos!$F:$F,$L74,Eventos!$D:$D,$C$2,Eventos!$B:$B,PANES_SEMANALES[[#ALL],[DOMINGO]]) -> 0 | T74: =SUM(M74:S74) -> 0
B75: Champiñon | C75: =SUMIFS(Eventos!$Z:$Z,Eventos!$Y:$Y,$B75,Eventos!$B:$B,C$70,Eventos!$D:$D,$C$2) -> 0 | D75: =SUMIFS(Eventos!$Z:$Z,Eventos!$Y:$Y,$B75,Eventos!$B:$B,D$70,Eventos!$D:$D,$C$2) -> 0 | E75: =SUMIFS(Eventos!$Z:$Z,Eventos!$Y:$Y,$B75,Eventos!$B:$B,E$70,Eventos!$D:$D,$C$2) -> 0 | F75: =SUMIFS(Eventos!$Z:$Z,Eventos!$Y:$Y,$B75,Eventos!$B:$B,F$70,Eventos!$D:$D,$C$2) -> 0 | G75: =SUMIFS(Eventos!$Z:$Z,Eventos!$Y:$Y,$B75,Eventos!$B:$B,G$70,Eventos!$D:$D,$C$2) -> 0 | H75: =SUMIFS(Eventos!$Z:$Z,Eventos!$Y:$Y,$B75,Eventos!$B:$B,H$70,Eventos!$D:$D,$C$2) -> 0 | I75: =SUMIFS(Eventos!$Z:$Z,Eventos!$Y:$Y,$B75,Eventos!$B:$B,I$70,Eventos!$D:$D,$C$2) -> 0 | J75: =SUM(C75:I75) -> 0 | M75: =SUMIFS(Eventos!$G:$G,Eventos!$F:$F,$L75,Eventos!$D:$D,$C$2,Eventos!$B:$B,PANES_SEMANALES[[#ALL],[LUNES]]) -> 0 | N75: =SUMIFS(Eventos!$G:$G,Eventos!$F:$F,$L75,Eventos!$D:$D,$C$2,Eventos!$B:$B,PANES_SEMANALES[[#ALL],[MARTES]]) -> 0 | O75: =SUMIFS(Eventos!$G:$G,Eventos!$F:$F,$L75,Eventos!$D:$D,$C$2,Eventos!$B:$B,PANES_SEMANALES[[#ALL],[MIÉRCOLES]]) -> 0 | P75: =SUMIFS(Eventos!$G:$G,Eventos!$F:$F,$L75,Eventos!$D:$D,$C$2,Eventos!$B:$B,PANES_SEMANALES[[#ALL],[JUEVES]]) -> 0 | Q75: =IF(P75<>"",SUMIFS(Eventos!$G:$G,Eventos!$B:$B,Q$2,Eventos!$D:$D,$C$2,Eventos!$F:$F,$L75),"") -> 0 | R75: =SUMIFS(Eventos!$G:$G,Eventos!$F:$F,$L75,Eventos!$D:$D,$C$2,Eventos!$B:$B,PANES_SEMANALES[[#ALL],[SÁBADO]]) -> 0 | S75: =SUMIFS(Eventos!$G:$G,Eventos!$F:$F,$L75,Eventos!$D:$D,$C$2,Eventos!$B:$B,PANES_SEMANALES[[#ALL],[DOMINGO]]) -> 0 | T75: =SUM(M75:S75) -> 0
B76: BBQ | C76: =SUMIFS(Eventos!$AB:$AB,Eventos!$AA:$AA,$B76,Eventos!$B:$B,C$70,Eventos!$D:$D,$C$2) -> 0 | D76: =SUMIFS(Eventos!$AB:$AB,Eventos!$AA:$AA,$B76,Eventos!$B:$B,D$70,Eventos!$D:$D,$C$2) -> 0 | E76: =SUMIFS(Eventos!$AB:$AB,Eventos!$AA:$AA,$B76,Eventos!$B:$B,E$70,Eventos!$D:$D,$C$2) -> 0 | F76: =SUMIFS(Eventos!$AB:$AB,Eventos!$AA:$AA,$B76,Eventos!$B:$B,F$70,Eventos!$D:$D,$C$2) -> 0 | G76: =SUMIFS(Eventos!$AB:$AB,Eventos!$AA:$AA,$B76,Eventos!$B:$B,G$70,Eventos!$D:$D,$C$2) -> 0 | H76: =SUMIFS(Eventos!$AB:$AB,Eventos!$AA:$AA,$B76,Eventos!$B:$B,H$70,Eventos!$D:$D,$C$2) -> 0 | I76: =SUMIFS(Eventos!$AB:$AB,Eventos!$AA:$AA,$B76,Eventos!$B:$B,I$70,Eventos!$D:$D,$C$2) -> 0 | J76: =SUM(C76:I76) -> 0 | M76: =SUMIFS(Eventos!$G:$G,Eventos!$F:$F,$L76,Eventos!$D:$D,$C$2,Eventos!$B:$B,PANES_SEMANALES[[#ALL],[LUNES]]) -> 0 | N76: =SUMIFS(Eventos!$G:$G,Eventos!$F:$F,$L76,Eventos!$D:$D,$C$2,Eventos!$B:$B,PANES_SEMANALES[[#ALL],[MARTES]]) -> 0 | O76: =SUMIFS(Eventos!$G:$G,Eventos!$F:$F,$L76,Eventos!$D:$D,$C$2,Eventos!$B:$B,PANES_SEMANALES[[#ALL],[MIÉRCOLES]]) -> 0 | P76: =SUMIFS(Eventos!$G:$G,Eventos!$F:$F,$L76,Eventos!$D:$D,$C$2,Eventos!$B:$B,PANES_SEMANALES[[#ALL],[JUEVES]]) -> 0 | Q76: =IF(P76<>"",SUMIFS(Eventos!$G:$G,Eventos!$B:$B,Q$2,Eventos!$D:$D,$C$2,Eventos!$F:$F,$L76),"") -> 0 | R76: =SUMIFS(Eventos!$G:$G,Eventos!$F:$F,$L76,Eventos!$D:$D,$C$2,Eventos!$B:$B,PANES_SEMANALES[[#ALL],[SÁBADO]]) -> 0 | S76: =SUMIFS(Eventos!$G:$G,Eventos!$F:$F,$L76,Eventos!$D:$D,$C$2,Eventos!$B:$B,PANES_SEMANALES[[#ALL],[DOMINGO]]) -> 0 | T76: =SUM(M76:S76) -> 0
B77: Salsa Verde | C77: =SUMIFS(Eventos!$AD:$AD,Eventos!$AC:$AC,$B77,Eventos!$B:$B,C$70,Eventos!$D:$D,$C$2) -> 0 | D77: =SUMIFS(Eventos!$AD:$AD,Eventos!$AC:$AC,$B77,Eventos!$B:$B,D$70,Eventos!$D:$D,$C$2) -> 0 | E77: =SUMIFS(Eventos!$AD:$AD,Eventos!$AC:$AC,$B77,Eventos!$B:$B,E$70,Eventos!$D:$D,$C$2) -> 0 | F77: =SUMIFS(Eventos!$AD:$AD,Eventos!$AC:$AC,$B77,Eventos!$B:$B,F$70,Eventos!$D:$D,$C$2) -> 0 | G77: =SUMIFS(Eventos!$AD:$AD,Eventos!$AC:$AC,$B77,Eventos!$B:$B,G$70,Eventos!$D:$D,$C$2) -> 0 | H77: =SUMIFS(Eventos!$AD:$AD,Eventos!$AC:$AC,$B77,Eventos!$B:$B,H$70,Eventos!$D:$D,$C$2) -> 0 | I77: =SUMIFS(Eventos!$AD:$AD,Eventos!$AC:$AC,$B77,Eventos!$B:$B,I$70,Eventos!$D:$D,$C$2) -> 0 | J77: =SUM(C77:I77) -> 0 | M77: =SUMIFS(Eventos!$G:$G,Eventos!$F:$F,$L77,Eventos!$D:$D,$C$2,Eventos!$B:$B,PANES_SEMANALES[[#ALL],[LUNES]]) -> 0 | N77: =SUMIFS(Eventos!$G:$G,Eventos!$F:$F,$L77,Eventos!$D:$D,$C$2,Eventos!$B:$B,PANES_SEMANALES[[#ALL],[MARTES]]) -> 0 | O77: =SUMIFS(Eventos!$G:$G,Eventos!$F:$F,$L77,Eventos!$D:$D,$C$2,Eventos!$B:$B,PANES_SEMANALES[[#ALL],[MIÉRCOLES]]) -> 0 | P77: =SUMIFS(Eventos!$G:$G,Eventos!$F:$F,$L77,Eventos!$D:$D,$C$2,Eventos!$B:$B,PANES_SEMANALES[[#ALL],[JUEVES]]) -> 0 | Q77: =IF(P77<>"",SUMIFS(Eventos!$G:$G,Eventos!$B:$B,Q$2,Eventos!$D:$D,$C$2,Eventos!$F:$F,$L77),"") -> 0 | R77: =SUMIFS(Eventos!$G:$G,Eventos!$F:$F,$L77,Eventos!$D:$D,$C$2,Eventos!$B:$B,PANES_SEMANALES[[#ALL],[SÁBADO]]) -> 0 | S77: =SUMIFS(Eventos!$G:$G,Eventos!$F:$F,$L77,Eventos!$D:$D,$C$2,Eventos!$B:$B,PANES_SEMANALES[[#ALL],[DOMINGO]]) -> 0 | T77: =SUM(M77:S77) -> 0
B78: Chucrut | C78: =SUMIFS(Eventos!$AF:$AF,Eventos!$AE:$AE,$B78,Eventos!$B:$B,C$70,Eventos!$D:$D,$C$2) -> 0 | D78: =SUMIFS(Eventos!$AF:$AF,Eventos!$AE:$AE,$B78,Eventos!$B:$B,D$70,Eventos!$D:$D,$C$2) -> 0 | E78: =SUMIFS(Eventos!$AF:$AF,Eventos!$AE:$AE,$B78,Eventos!$B:$B,E$70,Eventos!$D:$D,$C$2) -> 0 | F78: =SUMIFS(Eventos!$AF:$AF,Eventos!$AE:$AE,$B78,Eventos!$B:$B,F$70,Eventos!$D:$D,$C$2) -> 0 | G78: =SUMIFS(Eventos!$AF:$AF,Eventos!$AE:$AE,$B78,Eventos!$B:$B,G$70,Eventos!$D:$D,$C$2) -> 0 | H78: =SUMIFS(Eventos!$AF:$AF,Eventos!$AE:$AE,$B78,Eventos!$B:$B,H$70,Eventos!$D:$D,$C$2) -> 0 | I78: =SUMIFS(Eventos!$AF:$AF,Eventos!$AE:$AE,$B78,Eventos!$B:$B,I$70,Eventos!$D:$D,$C$2) -> 0 | J78: =SUM(C78:I78) -> 0 | M78: =SUMIFS(Eventos!$G:$G,Eventos!$F:$F,$L78,Eventos!$D:$D,$C$2,Eventos!$B:$B,PANES_SEMANALES[[#ALL],[LUNES]]) -> 0 | N78: =SUMIFS(Eventos!$G:$G,Eventos!$F:$F,$L78,Eventos!$D:$D,$C$2,Eventos!$B:$B,PANES_SEMANALES[[#ALL],[MARTES]]) -> 0 | O78: =SUMIFS(Eventos!$G:$G,Eventos!$F:$F,$L78,Eventos!$D:$D,$C$2,Eventos!$B:$B,PANES_SEMANALES[[#ALL],[MIÉRCOLES]]) -> 0 | P78: =SUMIFS(Eventos!$G:$G,Eventos!$F:$F,$L78,Eventos!$D:$D,$C$2,Eventos!$B:$B,PANES_SEMANALES[[#ALL],[JUEVES]]) -> 0 | Q78: =IF(P78<>"",SUMIFS(Eventos!$G:$G,Eventos!$B:$B,Q$2,Eventos!$D:$D,$C$2,Eventos!$F:$F,$L78),"") -> 0 | R78: =SUMIFS(Eventos!$G:$G,Eventos!$F:$F,$L78,Eventos!$D:$D,$C$2,Eventos!$B:$B,PANES_SEMANALES[[#ALL],[SÁBADO]]) -> 0 | S78: =SUMIFS(Eventos!$G:$G,Eventos!$F:$F,$L78,Eventos!$D:$D,$C$2,Eventos!$B:$B,PANES_SEMANALES[[#ALL],[DOMINGO]]) -> 0 | T78: =SUM(M78:S78) -> 0
B79: Ají Verde | C79: =SUMIFS(Eventos!$AH:$AH,Eventos!$AG:$AG,$B79,Eventos!$B:$B,C$70,Eventos!$D:$D,$C$2) -> 0 | D79: =SUMIFS(Eventos!$AH:$AH,Eventos!$AG:$AG,$B79,Eventos!$B:$B,D$70,Eventos!$D:$D,$C$2) -> 0 | E79: =SUMIFS(Eventos!$AH:$AH,Eventos!$AG:$AG,$B79,Eventos!$B:$B,E$70,Eventos!$D:$D,$C$2) -> 0 | F79: =SUMIFS(Eventos!$AH:$AH,Eventos!$AG:$AG,$B79,Eventos!$B:$B,F$70,Eventos!$D:$D,$C$2) -> 0 | G79: =SUMIFS(Eventos!$AH:$AH,Eventos!$AG:$AG,$B79,Eventos!$B:$B,G$70,Eventos!$D:$D,$C$2) -> 0 | H79: =SUMIFS(Eventos!$AH:$AH,Eventos!$AG:$AG,$B79,Eventos!$B:$B,H$70,Eventos!$D:$D,$C$2) -> 0 | I79: =SUMIFS(Eventos!$AH:$AH,Eventos!$AG:$AG,$B79,Eventos!$B:$B,I$70,Eventos!$D:$D,$C$2) -> 0 | J79: =SUM(C79:I79) -> 0 | M79: =SUMIFS(Eventos!$G:$G,Eventos!$F:$F,$L79,Eventos!$D:$D,$C$2,Eventos!$B:$B,PANES_SEMANALES[[#ALL],[LUNES]]) -> 0 | N79: =SUMIFS(Eventos!$G:$G,Eventos!$F:$F,$L79,Eventos!$D:$D,$C$2,Eventos!$B:$B,PANES_SEMANALES[[#ALL],[MARTES]]) -> 0 | O79: =SUMIFS(Eventos!$G:$G,Eventos!$F:$F,$L79,Eventos!$D:$D,$C$2,Eventos!$B:$B,PANES_SEMANALES[[#ALL],[MIÉRCOLES]]) -> 0 | P79: =SUMIFS(Eventos!$G:$G,Eventos!$F:$F,$L79,Eventos!$D:$D,$C$2,Eventos!$B:$B,PANES_SEMANALES[[#ALL],[JUEVES]]) -> 0 | Q79: =IF(P79<>"",SUMIFS(Eventos!$G:$G,Eventos!$B:$B,Q$2,Eventos!$D:$D,$C$2,Eventos!$F:$F,$L79),"") -> 0 | R79: =SUMIFS(Eventos!$G:$G,Eventos!$F:$F,$L79,Eventos!$D:$D,$C$2,Eventos!$B:$B,PANES_SEMANALES[[#ALL],[SÁBADO]]) -> 0 | S79: =SUMIFS(Eventos!$G:$G,Eventos!$F:$F,$L79,Eventos!$D:$D,$C$2,Eventos!$B:$B,PANES_SEMANALES[[#ALL],[DOMINGO]]) -> 0 | T79: =SUM(M79:S79) -> 0
B80: Papas Hilo | C80: =SUMIFS(Eventos!$AJ:$AJ,Eventos!$AI:$AI,$B80,Eventos!$B:$B,C$70,Eventos!$D:$D,$C$2) -> 0 | D80: =SUMIFS(Eventos!$AJ:$AJ,Eventos!$AI:$AI,$B80,Eventos!$B:$B,D$70,Eventos!$D:$D,$C$2) -> 0 | E80: =SUMIFS(Eventos!$AJ:$AJ,Eventos!$AI:$AI,$B80,Eventos!$B:$B,E$70,Eventos!$D:$D,$C$2) -> 0 | F80: =SUMIFS(Eventos!$AJ:$AJ,Eventos!$AI:$AI,$B80,Eventos!$B:$B,F$70,Eventos!$D:$D,$C$2) -> 0 | G80: =SUMIFS(Eventos!$AJ:$AJ,Eventos!$AI:$AI,$B80,Eventos!$B:$B,G$70,Eventos!$D:$D,$C$2) -> 0 | H80: =SUMIFS(Eventos!$AJ:$AJ,Eventos!$AI:$AI,$B80,Eventos!$B:$B,H$70,Eventos!$D:$D,$C$2) -> 0 | I80: =SUMIFS(Eventos!$AJ:$AJ,Eventos!$AI:$AI,$B80,Eventos!$B:$B,I$70,Eventos!$D:$D,$C$2) -> 0 | J80: =SUM(C80:I80) -> 0 | M80: =SUMIFS(Eventos!$G:$G,Eventos!$F:$F,$L80,Eventos!$D:$D,$C$2,Eventos!$B:$B,PANES_SEMANALES[[#ALL],[LUNES]]) -> 0 | N80: =SUMIFS(Eventos!$G:$G,Eventos!$F:$F,$L80,Eventos!$D:$D,$C$2,Eventos!$B:$B,PANES_SEMANALES[[#ALL],[MARTES]]) -> 0 | O80: =SUMIFS(Eventos!$G:$G,Eventos!$F:$F,$L80,Eventos!$D:$D,$C$2,Eventos!$B:$B,PANES_SEMANALES[[#ALL],[MIÉRCOLES]]) -> 0 | P80: =SUMIFS(Eventos!$G:$G,Eventos!$F:$F,$L80,Eventos!$D:$D,$C$2,Eventos!$B:$B,PANES_SEMANALES[[#ALL],[JUEVES]]) -> 0 | Q80: =IF(P80<>"",SUMIFS(Eventos!$G:$G,Eventos!$B:$B,Q$2,Eventos!$D:$D,$C$2,Eventos!$F:$F,$L80),"") -> 0 | R80: =SUMIFS(Eventos!$G:$G,Eventos!$F:$F,$L80,Eventos!$D:$D,$C$2,Eventos!$B:$B,PANES_SEMANALES[[#ALL],[SÁBADO]]) -> 0 | S80: =SUMIFS(Eventos!$G:$G,Eventos!$F:$F,$L80,Eventos!$D:$D,$C$2,Eventos!$B:$B,PANES_SEMANALES[[#ALL],[DOMINGO]]) -> 0 | T80: =SUM(M80:S80) -> 0
B81: Salsa Americana | C81: =SUMIFS(Eventos!$AL:$AL,Eventos!$AK:$AK,$B81,Eventos!$B:$B,C$70,Eventos!$D:$D,$C$2) -> 0 | D81: =SUMIFS(Eventos!$AL:$AL,Eventos!$AK:$AK,$B81,Eventos!$B:$B,D$70,Eventos!$D:$D,$C$2) -> 0 | E81: =SUMIFS(Eventos!$AL:$AL,Eventos!$AK:$AK,$B81,Eventos!$B:$B,E$70,Eventos!$D:$D,$C$2) -> 0 | F81: =SUMIFS(Eventos!$AL:$AL,Eventos!$AK:$AK,$B81,Eventos!$B:$B,F$70,Eventos!$D:$D,$C$2) -> 0 | G81: =SUMIFS(Eventos!$AL:$AL,Eventos!$AK:$AK,$B81,Eventos!$B:$B,G$70,Eventos!$D:$D,$C$2) -> 0 | H81: =SUMIFS(Eventos!$AL:$AL,Eventos!$AK:$AK,$B81,Eventos!$B:$B,H$70,Eventos!$D:$D,$C$2) -> 0 | I81: =SUMIFS(Eventos!$AL:$AL,Eventos!$AK:$AK,$B81,Eventos!$B:$B,I$70,Eventos!$D:$D,$C$2) -> 0 | J81: =SUM(C81:I81) -> 0 | M81: =SUMIFS(Eventos!$G:$G,Eventos!$F:$F,$L81,Eventos!$D:$D,$C$2,Eventos!$B:$B,PANES_SEMANALES[[#ALL],[LUNES]]) -> 0 | N81: =SUMIFS(Eventos!$G:$G,Eventos!$F:$F,$L81,Eventos!$D:$D,$C$2,Eventos!$B:$B,PANES_SEMANALES[[#ALL],[MARTES]]) -> 0 | O81: =SUMIFS(Eventos!$G:$G,Eventos!$F:$F,$L81,Eventos!$D:$D,$C$2,Eventos!$B:$B,PANES_SEMANALES[[#ALL],[MIÉRCOLES]]) -> 0 | P81: =SUMIFS(Eventos!$G:$G,Eventos!$F:$F,$L81,Eventos!$D:$D,$C$2,Eventos!$B:$B,PANES_SEMANALES[[#ALL],[JUEVES]]) -> 0 | Q81: =IF(P81<>"",SUMIFS(Eventos!$G:$G,Eventos!$B:$B,Q$2,Eventos!$D:$D,$C$2,Eventos!$F:$F,$L81),"") -> 0 | R81: =SUMIFS(Eventos!$G:$G,Eventos!$F:$F,$L81,Eventos!$D:$D,$C$2,Eventos!$B:$B,PANES_SEMANALES[[#ALL],[SÁBADO]]) -> 0 | S81: =SUMIFS(Eventos!$G:$G,Eventos!$F:$F,$L81,Eventos!$D:$D,$C$2,Eventos!$B:$B,PANES_SEMANALES[[#ALL],[DOMINGO]]) -> 0 | T81: =SUM(M81:S81) -> 0
B82: Poroto Negro | C82: =SUMIFS(Eventos!$AN:$AN,Eventos!$AM:$AM,$B82,Eventos!$B:$B,C$70,Eventos!$D:$D,$C$2) -> 0 | D82: =SUMIFS(Eventos!$AN:$AN,Eventos!$AM:$AM,$B82,Eventos!$B:$B,D$70,Eventos!$D:$D,$C$2) -> 0 | E82: =SUMIFS(Eventos!$AN:$AN,Eventos!$AM:$AM,$B82,Eventos!$B:$B,E$70,Eventos!$D:$D,$C$2) -> 0 | F82: =SUMIFS(Eventos!$AN:$AN,Eventos!$AM:$AM,$B82,Eventos!$B:$B,F$70,Eventos!$D:$D,$C$2) -> 0 | G82: =SUMIFS(Eventos!$AN:$AN,Eventos!$AM:$AM,$B82,Eventos!$B:$B,G$70,Eventos!$D:$D,$C$2) -> 0 | H82: =SUMIFS(Eventos!$AN:$AN,Eventos!$AM:$AM,$B82,Eventos!$B:$B,H$70,Eventos!$D:$D,$C$2) -> 0 | I82: =SUMIFS(Eventos!$AN:$AN,Eventos!$AM:$AM,$B82,Eventos!$B:$B,I$70,Eventos!$D:$D,$C$2) -> 0 | J82: =SUM(C82:I82) -> 0 | M82: =SUMIFS(Eventos!$G:$G,Eventos!$F:$F,$L82,Eventos!$D:$D,$C$2,Eventos!$B:$B,PANES_SEMANALES[[#ALL],[LUNES]]) -> 0 | N82: =SUMIFS(Eventos!$G:$G,Eventos!$F:$F,$L82,Eventos!$D:$D,$C$2,Eventos!$B:$B,PANES_SEMANALES[[#ALL],[MARTES]]) -> 0 | O82: =SUMIFS(Eventos!$G:$G,Eventos!$F:$F,$L82,Eventos!$D:$D,$C$2,Eventos!$B:$B,PANES_SEMANALES[[#ALL],[MIÉRCOLES]]) -> 0 | P82: =SUMIFS(Eventos!$G:$G,Eventos!$F:$F,$L82,Eventos!$D:$D,$C$2,Eventos!$B:$B,PANES_SEMANALES[[#ALL],[JUEVES]]) -> 0 | Q82: =IF(P82<>"",SUMIFS(Eventos!$G:$G,Eventos!$B:$B,Q$2,Eventos!$D:$D,$C$2,Eventos!$F:$F,$L82),"") -> 0 | R82: =SUMIFS(Eventos!$G:$G,Eventos!$F:$F,$L82,Eventos!$D:$D,$C$2,Eventos!$B:$B,PANES_SEMANALES[[#ALL],[SÁBADO]]) -> 0 | S82: =SUMIFS(Eventos!$G:$G,Eventos!$F:$F,$L82,Eventos!$D:$D,$C$2,Eventos!$B:$B,PANES_SEMANALES[[#ALL],[DOMINGO]]) -> 0 | T82: =SUM(M82:S82) -> 0
B83: Cebolla Morada | C83: =SUMIFS(Eventos!$AP:$AP,Eventos!$AO:$AO,$B83,Eventos!$B:$B,C$70,Eventos!$D:$D,$C$2) -> 0 | D83: =SUMIFS(Eventos!$AP:$AP,Eventos!$AO:$AO,$B83,Eventos!$B:$B,D$70,Eventos!$D:$D,$C$2) -> 0 | E83: =SUMIFS(Eventos!$AP:$AP,Eventos!$AO:$AO,$B83,Eventos!$B:$B,E$70,Eventos!$D:$D,$C$2) -> 0 | F83: =SUMIFS(Eventos!$AP:$AP,Eventos!$AO:$AO,$B83,Eventos!$B:$B,F$70,Eventos!$D:$D,$C$2) -> 0 | G83: =SUMIFS(Eventos!$AP:$AP,Eventos!$AO:$AO,$B83,Eventos!$B:$B,G$70,Eventos!$D:$D,$C$2) -> 0 | H83: =SUMIFS(Eventos!$AP:$AP,Eventos!$AO:$AO,$B83,Eventos!$B:$B,H$70,Eventos!$D:$D,$C$2) -> 0 | I83: =SUMIFS(Eventos!$AP:$AP,Eventos!$AO:$AO,$B83,Eventos!$B:$B,I$70,Eventos!$D:$D,$C$2) -> 0 | J83: =SUM(C83:I83) -> 0 | M83: =SUMIFS(Eventos!$G:$G,Eventos!$F:$F,$L83,Eventos!$D:$D,$C$2,Eventos!$B:$B,PANES_SEMANALES[[#ALL],[LUNES]]) -> 0 | N83: =SUMIFS(Eventos!$G:$G,Eventos!$F:$F,$L83,Eventos!$D:$D,$C$2,Eventos!$B:$B,PANES_SEMANALES[[#ALL],[MARTES]]) -> 0 | O83: =SUMIFS(Eventos!$G:$G,Eventos!$F:$F,$L83,Eventos!$D:$D,$C$2,Eventos!$B:$B,PANES_SEMANALES[[#ALL],[MIÉRCOLES]]) -> 0 | P83: =SUMIFS(Eventos!$G:$G,Eventos!$F:$F,$L83,Eventos!$D:$D,$C$2,Eventos!$B:$B,PANES_SEMANALES[[#ALL],[JUEVES]]) -> 0 | Q83: =IF(P83<>"",SUMIFS(Eventos!$G:$G,Eventos!$B:$B,Q$2,Eventos!$D:$D,$C$2,Eventos!$F:$F,$L83),"") -> 0 | R83: =SUMIFS(Eventos!$G:$G,Eventos!$F:$F,$L83,Eventos!$D:$D,$C$2,Eventos!$B:$B,PANES_SEMANALES[[#ALL],[SÁBADO]]) -> 0 | S83: =SUMIFS(Eventos!$G:$G,Eventos!$F:$F,$L83,Eventos!$D:$D,$C$2,Eventos!$B:$B,PANES_SEMANALES[[#ALL],[DOMINGO]]) -> 0 | T83: =SUM(M83:S83) -> 0
B84: Pepinillos | C84: =SUMIFS(Eventos!$AR:$AR,Eventos!$AQ:$AQ,$B84,Eventos!$B:$B,C$70,Eventos!$D:$D,$C$2) -> 0 | D84: =SUMIFS(Eventos!$AR:$AR,Eventos!$AQ:$AQ,$B84,Eventos!$B:$B,D$70,Eventos!$D:$D,$C$2) -> 0 | E84: =SUMIFS(Eventos!$AR:$AR,Eventos!$AQ:$AQ,$B84,Eventos!$B:$B,E$70,Eventos!$D:$D,$C$2) -> 0 | F84: =SUMIFS(Eventos!$AR:$AR,Eventos!$AQ:$AQ,$B84,Eventos!$B:$B,F$70,Eventos!$D:$D,$C$2) -> 0 | G84: =SUMIFS(Eventos!$AR:$AR,Eventos!$AQ:$AQ,$B84,Eventos!$B:$B,G$70,Eventos!$D:$D,$C$2) -> 0 | H84: =SUMIFS(Eventos!$AR:$AR,Eventos!$AQ:$AQ,$B84,Eventos!$B:$B,H$70,Eventos!$D:$D,$C$2) -> 0 | I84: =SUMIFS(Eventos!$AR:$AR,Eventos!$AQ:$AQ,$B84,Eventos!$B:$B,I$70,Eventos!$D:$D,$C$2) -> 0 | J84: =SUM(C84:I84) -> 0 | M84: =SUMIFS(Eventos!$G:$G,Eventos!$F:$F,$L84,Eventos!$D:$D,$C$2,Eventos!$B:$B,PANES_SEMANALES[[#ALL],[LUNES]]) -> 0 | N84: =SUMIFS(Eventos!$G:$G,Eventos!$F:$F,$L84,Eventos!$D:$D,$C$2,Eventos!$B:$B,PANES_SEMANALES[[#ALL],[MARTES]]) -> 0 | O84: =SUMIFS(Eventos!$G:$G,Eventos!$F:$F,$L84,Eventos!$D:$D,$C$2,Eventos!$B:$B,PANES_SEMANALES[[#ALL],[MIÉRCOLES]]) -> 0 | P84: =SUMIFS(Eventos!$G:$G,Eventos!$F:$F,$L84,Eventos!$D:$D,$C$2,Eventos!$B:$B,PANES_SEMANALES[[#ALL],[JUEVES]]) -> 0 | Q84: =IF(P84<>"",SUMIFS(Eventos!$G:$G,Eventos!$B:$B,Q$2,Eventos!$D:$D,$C$2,Eventos!$F:$F,$L84),"") -> 0 | R84: =SUMIFS(Eventos!$G:$G,Eventos!$F:$F,$L84,Eventos!$D:$D,$C$2,Eventos!$B:$B,PANES_SEMANALES[[#ALL],[SÁBADO]]) -> 0 | S84: =SUMIFS(Eventos!$G:$G,Eventos!$F:$F,$L84,Eventos!$D:$D,$C$2,Eventos!$B:$B,PANES_SEMANALES[[#ALL],[DOMINGO]]) -> 0 | T84: =SUM(M84:S84) -> 0
B85: Pimentón Salteado | C85: =SUMIFS(Eventos!$AT:$AT,Eventos!$AS:$AS,$B85,Eventos!$B:$B,C$70,Eventos!$D:$D,$C$2) -> 0 | D85: =SUMIFS(Eventos!$AT:$AT,Eventos!$AS:$AS,$B85,Eventos!$B:$B,D$70,Eventos!$D:$D,$C$2) -> 0 | E85: =SUMIFS(Eventos!$AT:$AT,Eventos!$AS:$AS,$B85,Eventos!$B:$B,E$70,Eventos!$D:$D,$C$2) -> 0 | F85: =SUMIFS(Eventos!$AT:$AT,Eventos!$AS:$AS,$B85,Eventos!$B:$B,F$70,Eventos!$D:$D,$C$2) -> 0 | G85: =SUMIFS(Eventos!$AT:$AT,Eventos!$AS:$AS,$B85,Eventos!$B:$B,G$70,Eventos!$D:$D,$C$2) -> 0 | H85: =SUMIFS(Eventos!$AT:$AT,Eventos!$AS:$AS,$B85,Eventos!$B:$B,H$70,Eventos!$D:$D,$C$2) -> 0 | I85: =SUMIFS(Eventos!$AT:$AT,Eventos!$AS:$AS,$B85,Eventos!$B:$B,I$70,Eventos!$D:$D,$C$2) -> 0 | J85: =SUM(C85:I85) -> 0 | M85: =SUMIFS(Eventos!$G:$G,Eventos!$F:$F,$L85,Eventos!$D:$D,$C$2,Eventos!$B:$B,PANES_SEMANALES[[#ALL],[LUNES]]) -> 0 | N85: =SUMIFS(Eventos!$G:$G,Eventos!$F:$F,$L85,Eventos!$D:$D,$C$2,Eventos!$B:$B,PANES_SEMANALES[[#ALL],[MARTES]]) -> 0 | O85: =SUMIFS(Eventos!$G:$G,Eventos!$F:$F,$L85,Eventos!$D:$D,$C$2,Eventos!$B:$B,PANES_SEMANALES[[#ALL],[MIÉRCOLES]]) -> 0 | P85: =SUMIFS(Eventos!$G:$G,Eventos!$F:$F,$L85,Eventos!$D:$D,$C$2,Eventos!$B:$B,PANES_SEMANALES[[#ALL],[JUEVES]]) -> 0 | Q85: =IF(P85<>"",SUMIFS(Eventos!$G:$G,Eventos!$B:$B,Q$2,Eventos!$D:$D,$C$2,Eventos!$F:$F,$L85),"") -> 0 | R85: =SUMIFS(Eventos!$G:$G,Eventos!$F:$F,$L85,Eventos!$D:$D,$C$2,Eventos!$B:$B,PANES_SEMANALES[[#ALL],[SÁBADO]]) -> 0 | S85: =SUMIFS(Eventos!$G:$G,Eventos!$F:$F,$L85,Eventos!$D:$D,$C$2,Eventos!$B:$B,PANES_SEMANALES[[#ALL],[DOMINGO]]) -> 0 | T85: =SUM(M85:S85) -> 0
B86: Tocino | C86: =SUMIFS(Eventos!$AV:$AV,Eventos!$AU:$AU,$B86,Eventos!$B:$B,C$70,Eventos!$D:$D,$C$2) -> 0 | D86: =SUMIFS(Eventos!$AV:$AV,Eventos!$AU:$AU,$B86,Eventos!$B:$B,D$70,Eventos!$D:$D,$C$2) -> 0 | E86: =SUMIFS(Eventos!$AV:$AV,Eventos!$AU:$AU,$B86,Eventos!$B:$B,E$70,Eventos!$D:$D,$C$2) -> 0 | F86: =SUMIFS(Eventos!$AV:$AV,Eventos!$AU:$AU,$B86,Eventos!$B:$B,F$70,Eventos!$D:$D,$C$2) -> 0 | G86: =SUMIFS(Eventos!$AV:$AV,Eventos!$AU:$AU,$B86,Eventos!$B:$B,G$70,Eventos!$D:$D,$C$2) -> 0 | H86: =SUMIFS(Eventos!$AV:$AV,Eventos!$AU:$AU,$B86,Eventos!$B:$B,H$70,Eventos!$D:$D,$C$2) -> 0 | I86: =SUMIFS(Eventos!$AV:$AV,Eventos!$AU:$AU,$B86,Eventos!$B:$B,I$70,Eventos!$D:$D,$C$2) -> 0 | J86: =SUM(C86:I86) -> 0 | M86: =SUMIFS(Eventos!$G:$G,Eventos!$F:$F,$L86,Eventos!$D:$D,$C$2,Eventos!$B:$B,PANES_SEMANALES[[#ALL],[LUNES]]) -> 0 | N86: =SUMIFS(Eventos!$G:$G,Eventos!$F:$F,$L86,Eventos!$D:$D,$C$2,Eventos!$B:$B,PANES_SEMANALES[[#ALL],[MARTES]]) -> 0 | O86: =SUMIFS(Eventos!$G:$G,Eventos!$F:$F,$L86,Eventos!$D:$D,$C$2,Eventos!$B:$B,PANES_SEMANALES[[#ALL],[MIÉRCOLES]]) -> 0 | P86: =SUMIFS(Eventos!$G:$G,Eventos!$F:$F,$L86,Eventos!$D:$D,$C$2,Eventos!$B:$B,PANES_SEMANALES[[#ALL],[JUEVES]]) -> 0 | Q86: =IF(P86<>"",SUMIFS(Eventos!$G:$G,Eventos!$B:$B,Q$2,Eventos!$D:$D,$C$2,Eventos!$F:$F,$L86),"") -> 0 | R86: =SUMIFS(Eventos!$G:$G,Eventos!$F:$F,$L86,Eventos!$D:$D,$C$2,Eventos!$B:$B,PANES_SEMANALES[[#ALL],[SÁBADO]]) -> 0 | S86: =SUMIFS(Eventos!$G:$G,Eventos!$F:$F,$L86,Eventos!$D:$D,$C$2,Eventos!$B:$B,PANES_SEMANALES[[#ALL],[DOMINGO]]) -> 0 | T86: =SUM(M86:S86) -> 0
B87: Base helado | C87: =SUMIFS(Eventos!$AX:$AX,Eventos!$AW:$AW,$B87,Eventos!$B:$B,C$70,Eventos!$D:$D,$C$2) -> 0 | D87: =SUMIFS(Eventos!$AX:$AX,Eventos!$AW:$AW,$B87,Eventos!$B:$B,D$70,Eventos!$D:$D,$C$2) -> 0 | E87: =SUMIFS(Eventos!$AX:$AX,Eventos!$AW:$AW,$B87,Eventos!$B:$B,E$70,Eventos!$D:$D,$C$2) -> 0 | F87: =SUMIFS(Eventos!$AX:$AX,Eventos!$AW:$AW,$B87,Eventos!$B:$B,F$70,Eventos!$D:$D,$C$2) -> 0 | G87: =SUMIFS(Eventos!$AX:$AX,Eventos!$AW:$AW,$B87,Eventos!$B:$B,G$70,Eventos!$D:$D,$C$2) -> 0 | H87: =SUMIFS(Eventos!$AX:$AX,Eventos!$AW:$AW,$B87,Eventos!$B:$B,H$70,Eventos!$D:$D,$C$2) -> 0 | I87: =SUMIFS(Eventos!$AX:$AX,Eventos!$AW:$AW,$B87,Eventos!$B:$B,I$70,Eventos!$D:$D,$C$2) -> 0 | J87: =SUM(C87:I87) -> 0 | M87: =SUMIFS(Eventos!$G:$G,Eventos!$F:$F,$L87,Eventos!$D:$D,$C$2,Eventos!$B:$B,PANES_SEMANALES[[#ALL],[LUNES]]) -> 0 | N87: =SUMIFS(Eventos!$G:$G,Eventos!$F:$F,$L87,Eventos!$D:$D,$C$2,Eventos!$B:$B,PANES_SEMANALES[[#ALL],[MARTES]]) -> 0 | O87: =SUMIFS(Eventos!$G:$G,Eventos!$F:$F,$L87,Eventos!$D:$D,$C$2,Eventos!$B:$B,PANES_SEMANALES[[#ALL],[MIÉRCOLES]]) -> 0 | P87: =SUMIFS(Eventos!$G:$G,Eventos!$F:$F,$L87,Eventos!$D:$D,$C$2,Eventos!$B:$B,PANES_SEMANALES[[#ALL],[JUEVES]]) -> 0 | Q87: =IF(P87<>"",SUMIFS(Eventos!$G:$G,Eventos!$B:$B,Q$2,Eventos!$D:$D,$C$2,Eventos!$F:$F,$L87),"") -> 0 | R87: =SUMIFS(Eventos!$G:$G,Eventos!$F:$F,$L87,Eventos!$D:$D,$C$2,Eventos!$B:$B,PANES_SEMANALES[[#ALL],[SÁBADO]]) -> 0 | S87: =SUMIFS(Eventos!$G:$G,Eventos!$F:$F,$L87,Eventos!$D:$D,$C$2,Eventos!$B:$B,PANES_SEMANALES[[#ALL],[DOMINGO]]) -> 0 | T87: =SUM(M87:S87) -> 0
B88: Salsa sundae | C88: =SUMIFS(Eventos!$AZ:$AZ,Eventos!$AY:$AY,$B88,Eventos!$B:$B,C$70,Eventos!$D:$D,$C$2) -> 0 | D88: =SUMIFS(Eventos!$AZ:$AZ,Eventos!$AY:$AY,$B88,Eventos!$B:$B,D$70,Eventos!$D:$D,$C$2) -> 0 | E88: =SUMIFS(Eventos!$AZ:$AZ,Eventos!$AY:$AY,$B88,Eventos!$B:$B,E$70,Eventos!$D:$D,$C$2) -> 0 | F88: =SUMIFS(Eventos!$AZ:$AZ,Eventos!$AY:$AY,$B88,Eventos!$B:$B,F$70,Eventos!$D:$D,$C$2) -> 0 | G88: =SUMIFS(Eventos!$AZ:$AZ,Eventos!$AY:$AY,$B88,Eventos!$B:$B,G$70,Eventos!$D:$D,$C$2) -> 0 | H88: =SUMIFS(Eventos!$AZ:$AZ,Eventos!$AY:$AY,$B88,Eventos!$B:$B,H$70,Eventos!$D:$D,$C$2) -> 0 | I88: =SUMIFS(Eventos!$AZ:$AZ,Eventos!$AY:$AY,$B88,Eventos!$B:$B,I$70,Eventos!$D:$D,$C$2) -> 0 | J88: =SUM(C88:I88) -> 0 | M88: =SUMIFS(Eventos!$G:$G,Eventos!$F:$F,$L88,Eventos!$D:$D,$C$2,Eventos!$B:$B,PANES_SEMANALES[[#ALL],[LUNES]]) -> 0 | N88: =SUMIFS(Eventos!$G:$G,Eventos!$F:$F,$L88,Eventos!$D:$D,$C$2,Eventos!$B:$B,PANES_SEMANALES[[#ALL],[MARTES]]) -> 0 | O88: =SUMIFS(Eventos!$G:$G,Eventos!$F:$F,$L88,Eventos!$D:$D,$C$2,Eventos!$B:$B,PANES_SEMANALES[[#ALL],[MIÉRCOLES]]) -> 0 | P88: =SUMIFS(Eventos!$G:$G,Eventos!$F:$F,$L88,Eventos!$D:$D,$C$2,Eventos!$B:$B,PANES_SEMANALES[[#ALL],[JUEVES]]) -> 0 | Q88: =IF(P88<>"",SUMIFS(Eventos!$G:$G,Eventos!$B:$B,Q$2,Eventos!$D:$D,$C$2,Eventos!$F:$F,$L88),"") -> 0 | R88: =SUMIFS(Eventos!$G:$G,Eventos!$F:$F,$L88,Eventos!$D:$D,$C$2,Eventos!$B:$B,PANES_SEMANALES[[#ALL],[SÁBADO]]) -> 0 | S88: =SUMIFS(Eventos!$G:$G,Eventos!$F:$F,$L88,Eventos!$D:$D,$C$2,Eventos!$B:$B,PANES_SEMANALES[[#ALL],[DOMINGO]]) -> 0 | T88: =SUM(M88:S88) -> 0
B89: Mix granizado | C89: =SUMIFS(Eventos!$BB:$BB,Eventos!$BA:$BA,$B89,Eventos!$B:$B,C$70,Eventos!$D:$D,$C$2) -> 0 | D89: =SUMIFS(Eventos!$BB:$BB,Eventos!$BA:$BA,$B89,Eventos!$B:$B,D$70,Eventos!$D:$D,$C$2) -> 0 | E89: =SUMIFS(Eventos!$BB:$BB,Eventos!$BA:$BA,$B89,Eventos!$B:$B,E$70,Eventos!$D:$D,$C$2) -> 0 | F89: =SUMIFS(Eventos!$BB:$BB,Eventos!$BA:$BA,$B89,Eventos!$B:$B,F$70,Eventos!$D:$D,$C$2) -> 0 | G89: =SUMIFS(Eventos!$BB:$BB,Eventos!$BA:$BA,$B89,Eventos!$B:$B,G$70,Eventos!$D:$D,$C$2) -> 0 | H89: =SUMIFS(Eventos!$BB:$BB,Eventos!$BA:$BA,$B89,Eventos!$B:$B,H$70,Eventos!$D:$D,$C$2) -> 0 | I89: =SUMIFS(Eventos!$BB:$BB,Eventos!$BA:$BA,$B89,Eventos!$B:$B,I$70,Eventos!$D:$D,$C$2) -> 0 | J89: =SUM(C89:I89) -> 0 | M89: =SUMIFS(Eventos!$G:$G,Eventos!$F:$F,$L89,Eventos!$D:$D,$C$2,Eventos!$B:$B,PANES_SEMANALES[[#ALL],[LUNES]]) -> 0 | N89: =SUMIFS(Eventos!$G:$G,Eventos!$F:$F,$L89,Eventos!$D:$D,$C$2,Eventos!$B:$B,PANES_SEMANALES[[#ALL],[MARTES]]) -> 0 | O89: =SUMIFS(Eventos!$G:$G,Eventos!$F:$F,$L89,Eventos!$D:$D,$C$2,Eventos!$B:$B,PANES_SEMANALES[[#ALL],[MIÉRCOLES]]) -> 0 | P89: =SUMIFS(Eventos!$G:$G,Eventos!$F:$F,$L89,Eventos!$D:$D,$C$2,Eventos!$B:$B,PANES_SEMANALES[[#ALL],[JUEVES]]) -> 0 | Q89: =IF(P89<>"",SUMIFS(Eventos!$G:$G,Eventos!$B:$B,Q$2,Eventos!$D:$D,$C$2,Eventos!$F:$F,$L89),"") -> 0 | R89: =SUMIFS(Eventos!$G:$G,Eventos!$F:$F,$L89,Eventos!$D:$D,$C$2,Eventos!$B:$B,PANES_SEMANALES[[#ALL],[SÁBADO]]) -> 0 | S89: =SUMIFS(Eventos!$G:$G,Eventos!$F:$F,$L89,Eventos!$D:$D,$C$2,Eventos!$B:$B,PANES_SEMANALES[[#ALL],[DOMINGO]]) -> 0 | T89: =SUM(M89:S89) -> 0
B90: Azúcar | C90: =SUMIFS(Eventos!$BD:$BD,Eventos!$BC:$BC,$B90,Eventos!$B:$B,C$70,Eventos!$D:$D,$C$2) -> 0 | D90: =SUMIFS(Eventos!$BD:$BD,Eventos!$BC:$BC,$B90,Eventos!$B:$B,D$70,Eventos!$D:$D,$C$2) -> 0 | E90: =SUMIFS(Eventos!$BD:$BD,Eventos!$BC:$BC,$B90,Eventos!$B:$B,E$70,Eventos!$D:$D,$C$2) -> 0 | F90: =SUMIFS(Eventos!$BD:$BD,Eventos!$BC:$BC,$B90,Eventos!$B:$B,F$70,Eventos!$D:$D,$C$2) -> 0 | G90: =SUMIFS(Eventos!$BD:$BD,Eventos!$BC:$BC,$B90,Eventos!$B:$B,G$70,Eventos!$D:$D,$C$2) -> 0 | H90: =SUMIFS(Eventos!$BD:$BD,Eventos!$BC:$BC,$B90,Eventos!$B:$B,H$70,Eventos!$D:$D,$C$2) -> 0 | I90: =SUMIFS(Eventos!$BD:$BD,Eventos!$BC:$BC,$B90,Eventos!$B:$B,I$70,Eventos!$D:$D,$C$2) -> 0 | J90: =SUM(C90:I90) -> 0 | M90: =SUMIFS(Eventos!$G:$G,Eventos!$F:$F,$L90,Eventos!$D:$D,$C$2,Eventos!$B:$B,PANES_SEMANALES[[#ALL],[LUNES]]) -> 0 | N90: =SUMIFS(Eventos!$G:$G,Eventos!$F:$F,$L90,Eventos!$D:$D,$C$2,Eventos!$B:$B,PANES_SEMANALES[[#ALL],[MARTES]]) -> 0 | O90: =SUMIFS(Eventos!$G:$G,Eventos!$F:$F,$L90,Eventos!$D:$D,$C$2,Eventos!$B:$B,PANES_SEMANALES[[#ALL],[MIÉRCOLES]]) -> 0 | P90: =SUMIFS(Eventos!$G:$G,Eventos!$F:$F,$L90,Eventos!$D:$D,$C$2,Eventos!$B:$B,PANES_SEMANALES[[#ALL],[JUEVES]]) -> 0 | Q90: =IF(P90<>"",SUMIFS(Eventos!$G:$G,Eventos!$B:$B,Q$2,Eventos!$D:$D,$C$2,Eventos!$F:$F,$L90),"") -> 0 | R90: =SUMIFS(Eventos!$G:$G,Eventos!$F:$F,$L90,Eventos!$D:$D,$C$2,Eventos!$B:$B,PANES_SEMANALES[[#ALL],[SÁBADO]]) -> 0 | S90: =SUMIFS(Eventos!$G:$G,Eventos!$F:$F,$L90,Eventos!$D:$D,$C$2,Eventos!$B:$B,PANES_SEMANALES[[#ALL],[DOMINGO]]) -> 0 | T90: =SUM(M90:S90) -> 0
B91: Maíz | C91: =SUMIFS(Eventos!$BF:$BF,Eventos!$BE:$BE,$B91,Eventos!$B:$B,C$70,Eventos!$D:$D,$C$2) -> 0 | D91: =SUMIFS(Eventos!$BF:$BF,Eventos!$BE:$BE,$B91,Eventos!$B:$B,D$70,Eventos!$D:$D,$C$2) -> 0 | E91: =SUMIFS(Eventos!$BF:$BF,Eventos!$BE:$BE,$B91,Eventos!$B:$B,E$70,Eventos!$D:$D,$C$2) -> 0 | F91: =SUMIFS(Eventos!$BF:$BF,Eventos!$BE:$BE,$B91,Eventos!$B:$B,F$70,Eventos!$D:$D,$C$2) -> 0 | G91: =SUMIFS(Eventos!$BF:$BF,Eventos!$BE:$BE,$B91,Eventos!$B:$B,G$70,Eventos!$D:$D,$C$2) -> 0 | H91: =SUMIFS(Eventos!$BF:$BF,Eventos!$BE:$BE,$B91,Eventos!$B:$B,H$70,Eventos!$D:$D,$C$2) -> 0 | I91: =SUMIFS(Eventos!$BF:$BF,Eventos!$BE:$BE,$B91,Eventos!$B:$B,I$70,Eventos!$D:$D,$C$2) -> 0 | J91: =SUM(C91:I91) -> 0 | M91: =SUMIFS(Eventos!$G:$G,Eventos!$F:$F,$L91,Eventos!$D:$D,$C$2,Eventos!$B:$B,PANES_SEMANALES[[#ALL],[LUNES]]) -> 0 | N91: =SUMIFS(Eventos!$G:$G,Eventos!$F:$F,$L91,Eventos!$D:$D,$C$2,Eventos!$B:$B,PANES_SEMANALES[[#ALL],[MARTES]]) -> 0 | O91: =SUMIFS(Eventos!$G:$G,Eventos!$F:$F,$L91,Eventos!$D:$D,$C$2,Eventos!$B:$B,PANES_SEMANALES[[#ALL],[MIÉRCOLES]]) -> 0 | P91: =SUMIFS(Eventos!$G:$G,Eventos!$F:$F,$L91,Eventos!$D:$D,$C$2,Eventos!$B:$B,PANES_SEMANALES[[#ALL],[JUEVES]]) -> 0 | Q91: =IF(P91<>"",SUMIFS(Eventos!$G:$G,Eventos!$B:$B,Q$2,Eventos!$D:$D,$C$2,Eventos!$F:$F,$L91),"") -> 0 | R91: =SUMIFS(Eventos!$G:$G,Eventos!$F:$F,$L91,Eventos!$D:$D,$C$2,Eventos!$B:$B,PANES_SEMANALES[[#ALL],[SÁBADO]]) -> 0 | S91: =SUMIFS(Eventos!$G:$G,Eventos!$F:$F,$L91,Eventos!$D:$D,$C$2,Eventos!$B:$B,PANES_SEMANALES[[#ALL],[DOMINGO]]) -> 0 | T91: =SUM(M91:S91) -> 0
B92: Aceite | C92: =SUMIFS(Eventos!$BH:$BH,Eventos!$BG:$BG,$B92,Eventos!$B:$B,C$70,Eventos!$D:$D,$C$2) -> 0 | D92: =SUMIFS(Eventos!$BH:$BH,Eventos!$BG:$BG,$B92,Eventos!$B:$B,D$70,Eventos!$D:$D,$C$2) -> 0 | E92: =SUMIFS(Eventos!$BH:$BH,Eventos!$BG:$BG,$B92,Eventos!$B:$B,E$70,Eventos!$D:$D,$C$2) -> 0 | F92: =SUMIFS(Eventos!$BH:$BH,Eventos!$BG:$BG,$B92,Eventos!$B:$B,F$70,Eventos!$D:$D,$C$2) -> 0 | G92: =SUMIFS(Eventos!$BH:$BH,Eventos!$BG:$BG,$B92,Eventos!$B:$B,G$70,Eventos!$D:$D,$C$2) -> 0 | H92: =SUMIFS(Eventos!$BH:$BH,Eventos!$BG:$BG,$B92,Eventos!$B:$B,H$70,Eventos!$D:$D,$C$2) -> 0 | I92: =SUMIFS(Eventos!$BH:$BH,Eventos!$BG:$BG,$B92,Eventos!$B:$B,I$70,Eventos!$D:$D,$C$2) -> 0 | J92: =SUM(C92:I92) -> 0 | M92: =SUMIFS(Eventos!$G:$G,Eventos!$F:$F,$L92,Eventos!$D:$D,$C$2,Eventos!$B:$B,PANES_SEMANALES[[#ALL],[LUNES]]) -> 0 | N92: =SUMIFS(Eventos!$G:$G,Eventos!$F:$F,$L92,Eventos!$D:$D,$C$2,Eventos!$B:$B,PANES_SEMANALES[[#ALL],[MARTES]]) -> 0 | O92: =SUMIFS(Eventos!$G:$G,Eventos!$F:$F,$L92,Eventos!$D:$D,$C$2,Eventos!$B:$B,PANES_SEMANALES[[#ALL],[MIÉRCOLES]]) -> 0 | P92: =SUMIFS(Eventos!$G:$G,Eventos!$F:$F,$L92,Eventos!$D:$D,$C$2,Eventos!$B:$B,PANES_SEMANALES[[#ALL],[JUEVES]]) -> 0 | Q92: =IF(P92<>"",SUMIFS(Eventos!$G:$G,Eventos!$B:$B,Q$2,Eventos!$D:$D,$C$2,Eventos!$F:$F,$L92),"") -> 0 | R92: =SUMIFS(Eventos!$G:$G,Eventos!$F:$F,$L92,Eventos!$D:$D,$C$2,Eventos!$B:$B,PANES_SEMANALES[[#ALL],[SÁBADO]]) -> 0 | S92: =SUMIFS(Eventos!$G:$G,Eventos!$F:$F,$L92,Eventos!$D:$D,$C$2,Eventos!$B:$B,PANES_SEMANALES[[#ALL],[DOMINGO]]) -> 0 | T92: =SUM(M92:S92) -> 0
B93: Mix Algodón | C93: =SUMIFS(Eventos!$BJ:$BJ,Eventos!$BI:$BI,$B93,Eventos!$B:$B,C$70,Eventos!$D:$D,$C$2) -> 0 | D93: =SUMIFS(Eventos!$BJ:$BJ,Eventos!$BI:$BI,$B93,Eventos!$B:$B,D$70,Eventos!$D:$D,$C$2) -> 0 | E93: =SUMIFS(Eventos!$BJ:$BJ,Eventos!$BI:$BI,$B93,Eventos!$B:$B,E$70,Eventos!$D:$D,$C$2) -> 0 | F93: =SUMIFS(Eventos!$BJ:$BJ,Eventos!$BI:$BI,$B93,Eventos!$B:$B,F$70,Eventos!$D:$D,$C$2) -> 0 | G93: =SUMIFS(Eventos!$BJ:$BJ,Eventos!$BI:$BI,$B93,Eventos!$B:$B,G$70,Eventos!$D:$D,$C$2) -> 0 | H93: =SUMIFS(Eventos!$BJ:$BJ,Eventos!$BI:$BI,$B93,Eventos!$B:$B,H$70,Eventos!$D:$D,$C$2) -> 0 | I93: =SUMIFS(Eventos!$BJ:$BJ,Eventos!$BI:$BI,$B93,Eventos!$B:$B,I$70,Eventos!$D:$D,$C$2) -> 0 | J93: =SUM(C93:I93) -> 0 | M93: =SUMIFS(Eventos!$G:$G,Eventos!$F:$F,$L93,Eventos!$D:$D,$C$2,Eventos!$B:$B,PANES_SEMANALES[[#ALL],[LUNES]]) -> 0 | N93: =SUMIFS(Eventos!$G:$G,Eventos!$F:$F,$L93,Eventos!$D:$D,$C$2,Eventos!$B:$B,PANES_SEMANALES[[#ALL],[MARTES]]) -> 0 | O93: =SUMIFS(Eventos!$G:$G,Eventos!$F:$F,$L93,Eventos!$D:$D,$C$2,Eventos!$B:$B,PANES_SEMANALES[[#ALL],[MIÉRCOLES]]) -> 0 | P93: =SUMIFS(Eventos!$G:$G,Eventos!$F:$F,$L93,Eventos!$D:$D,$C$2,Eventos!$B:$B,PANES_SEMANALES[[#ALL],[JUEVES]]) -> 0 | Q93: =IF(P93<>"",SUMIFS(Eventos!$G:$G,Eventos!$B:$B,Q$2,Eventos!$D:$D,$C$2,Eventos!$F:$F,$L93),"") -> 0 | R93: =SUMIFS(Eventos!$G:$G,Eventos!$F:$F,$L93,Eventos!$D:$D,$C$2,Eventos!$B:$B,PANES_SEMANALES[[#ALL],[SÁBADO]]) -> 0 | S93: =SUMIFS(Eventos!$G:$G,Eventos!$F:$F,$L93,Eventos!$D:$D,$C$2,Eventos!$B:$B,PANES_SEMANALES[[#ALL],[DOMINGO]]) -> 0 | T93: =SUM(M93:S93) -> 0
B94: Plátano | C94: =SUMIFS(Eventos!$BL:$BL,Eventos!$BK:$BK,$B94,Eventos!$B:$B,C$70,Eventos!$D:$D,$C$2) -> 0 | D94: =SUMIFS(Eventos!$BL:$BL,Eventos!$BK:$BK,$B94,Eventos!$B:$B,D$70,Eventos!$D:$D,$C$2) -> 0 | E94: =SUMIFS(Eventos!$BL:$BL,Eventos!$BK:$BK,$B94,Eventos!$B:$B,E$70,Eventos!$D:$D,$C$2) -> 0 | F94: =SUMIFS(Eventos!$BL:$BL,Eventos!$BK:$BK,$B94,Eventos!$B:$B,F$70,Eventos!$D:$D,$C$2) -> 0 | G94: =SUMIFS(Eventos!$BL:$BL,Eventos!$BK:$BK,$B94,Eventos!$B:$B,G$70,Eventos!$D:$D,$C$2) -> 0 | H94: =SUMIFS(Eventos!$BL:$BL,Eventos!$BK:$BK,$B94,Eventos!$B:$B,H$70,Eventos!$D:$D,$C$2) -> 0 | I94: =SUMIFS(Eventos!$BL:$BL,Eventos!$BK:$BK,$B94,Eventos!$B:$B,I$70,Eventos!$D:$D,$C$2) -> 0 | J94: =SUM(C94:I94) -> 0 | M94: =SUMIFS(Eventos!$G:$G,Eventos!$F:$F,$L94,Eventos!$D:$D,$C$2,Eventos!$B:$B,PANES_SEMANALES[[#ALL],[LUNES]]) -> 0 | N94: =SUMIFS(Eventos!$G:$G,Eventos!$F:$F,$L94,Eventos!$D:$D,$C$2,Eventos!$B:$B,PANES_SEMANALES[[#ALL],[MARTES]]) -> 0 | O94: =SUMIFS(Eventos!$G:$G,Eventos!$F:$F,$L94,Eventos!$D:$D,$C$2,Eventos!$B:$B,PANES_SEMANALES[[#ALL],[MIÉRCOLES]]) -> 0 | P94: =SUMIFS(Eventos!$G:$G,Eventos!$F:$F,$L94,Eventos!$D:$D,$C$2,Eventos!$B:$B,PANES_SEMANALES[[#ALL],[JUEVES]]) -> 0 | Q94: =IF(P94<>"",SUMIFS(Eventos!$G:$G,Eventos!$B:$B,Q$2,Eventos!$D:$D,$C$2,Eventos!$F:$F,$L94),"") -> 0 | R94: =SUMIFS(Eventos!$G:$G,Eventos!$F:$F,$L94,Eventos!$D:$D,$C$2,Eventos!$B:$B,PANES_SEMANALES[[#ALL],[SÁBADO]]) -> 0 | S94: =SUMIFS(Eventos!$G:$G,Eventos!$F:$F,$L94,Eventos!$D:$D,$C$2,Eventos!$B:$B,PANES_SEMANALES[[#ALL],[DOMINGO]]) -> 0 | T94: =SUM(M94:S94) -> 0
B95: Frutilla | C95: =SUMIFS(Eventos!$BN:$BN,Eventos!$BM:$BM,$B95,Eventos!$B:$B,C$70,Eventos!$D:$D,$C$2) -> 0 | D95: =SUMIFS(Eventos!$BN:$BN,Eventos!$BM:$BM,$B95,Eventos!$B:$B,D$70,Eventos!$D:$D,$C$2) -> 0 | E95: =SUMIFS(Eventos!$BN:$BN,Eventos!$BM:$BM,$B95,Eventos!$B:$B,E$70,Eventos!$D:$D,$C$2) -> 0 | F95: =SUMIFS(Eventos!$BN:$BN,Eventos!$BM:$BM,$B95,Eventos!$B:$B,F$70,Eventos!$D:$D,$C$2) -> 0 | G95: =SUMIFS(Eventos!$BN:$BN,Eventos!$BM:$BM,$B95,Eventos!$B:$B,G$70,Eventos!$D:$D,$C$2) -> 0 | H95: =SUMIFS(Eventos!$BN:$BN,Eventos!$BM:$BM,$B95,Eventos!$B:$B,H$70,Eventos!$D:$D,$C$2) -> 0 | I95: =SUMIFS(Eventos!$BN:$BN,Eventos!$BM:$BM,$B95,Eventos!$B:$B,I$70,Eventos!$D:$D,$C$2) -> 0 | J95: =SUM(C95:I95) -> 0 | M95: =SUMIFS(Eventos!$G:$G,Eventos!$F:$F,$L95,Eventos!$D:$D,$C$2,Eventos!$B:$B,PANES_SEMANALES[[#ALL],[LUNES]]) -> 0 | N95: =SUMIFS(Eventos!$G:$G,Eventos!$F:$F,$L95,Eventos!$D:$D,$C$2,Eventos!$B:$B,PANES_SEMANALES[[#ALL],[MARTES]]) -> 0 | O95: =SUMIFS(Eventos!$G:$G,Eventos!$F:$F,$L95,Eventos!$D:$D,$C$2,Eventos!$B:$B,PANES_SEMANALES[[#ALL],[MIÉRCOLES]]) -> 0 | P95: =SUMIFS(Eventos!$G:$G,Eventos!$F:$F,$L95,Eventos!$D:$D,$C$2,Eventos!$B:$B,PANES_SEMANALES[[#ALL],[JUEVES]]) -> 0 | Q95: =IF(P95<>"",SUMIFS(Eventos!$G:$G,Eventos!$B:$B,Q$2,Eventos!$D:$D,$C$2,Eventos!$F:$F,$L95),"") -> 0 | R95: =SUMIFS(Eventos!$G:$G,Eventos!$F:$F,$L95,Eventos!$D:$D,$C$2,Eventos!$B:$B,PANES_SEMANALES[[#ALL],[SÁBADO]]) -> 0 | S95: =SUMIFS(Eventos!$G:$G,Eventos!$F:$F,$L95,Eventos!$D:$D,$C$2,Eventos!$B:$B,PANES_SEMANALES[[#ALL],[DOMINGO]]) -> 0 | T95: =SUM(M95:S95) -> 0
B96: Marshmallow | C96: =SUMIFS(Eventos!$BP:$BP,Eventos!$BO:$BO,$B96,Eventos!$B:$B,C$70,Eventos!$D:$D,$C$2) -> 0 | D96: =SUMIFS(Eventos!$BP:$BP,Eventos!$BO:$BO,$B96,Eventos!$B:$B,D$70,Eventos!$D:$D,$C$2) -> 0 | E96: =SUMIFS(Eventos!$BP:$BP,Eventos!$BO:$BO,$B96,Eventos!$B:$B,E$70,Eventos!$D:$D,$C$2) -> 0 | F96: =SUMIFS(Eventos!$BP:$BP,Eventos!$BO:$BO,$B96,Eventos!$B:$B,F$70,Eventos!$D:$D,$C$2) -> 0 | G96: =SUMIFS(Eventos!$BP:$BP,Eventos!$BO:$BO,$B96,Eventos!$B:$B,G$70,Eventos!$D:$D,$C$2) -> 0 | H96: =SUMIFS(Eventos!$BP:$BP,Eventos!$BO:$BO,$B96,Eventos!$B:$B,H$70,Eventos!$D:$D,$C$2) -> 0 | I96: =SUMIFS(Eventos!$BP:$BP,Eventos!$BO:$BO,$B96,Eventos!$B:$B,I$70,Eventos!$D:$D,$C$2) -> 0 | J96: =SUM(C96:I96) -> 0 | M96: =SUMIFS(Eventos!$G:$G,Eventos!$F:$F,$L96,Eventos!$D:$D,$C$2,Eventos!$B:$B,PANES_SEMANALES[[#ALL],[LUNES]]) -> 0 | N96: =SUMIFS(Eventos!$G:$G,Eventos!$F:$F,$L96,Eventos!$D:$D,$C$2,Eventos!$B:$B,PANES_SEMANALES[[#ALL],[MARTES]]) -> 0 | O96: =SUMIFS(Eventos!$G:$G,Eventos!$F:$F,$L96,Eventos!$D:$D,$C$2,Eventos!$B:$B,PANES_SEMANALES[[#ALL],[MIÉRCOLES]]) -> 0 | P96: =SUMIFS(Eventos!$G:$G,Eventos!$F:$F,$L96,Eventos!$D:$D,$C$2,Eventos!$B:$B,PANES_SEMANALES[[#ALL],[JUEVES]]) -> 0 | Q96: =IF(P96<>"",SUMIFS(Eventos!$G:$G,Eventos!$B:$B,Q$2,Eventos!$D:$D,$C$2,Eventos!$F:$F,$L96),"") -> 0 | R96: =SUMIFS(Eventos!$G:$G,Eventos!$F:$F,$L96,Eventos!$D:$D,$C$2,Eventos!$B:$B,PANES_SEMANALES[[#ALL],[SÁBADO]]) -> 0 | S96: =SUMIFS(Eventos!$G:$G,Eventos!$F:$F,$L96,Eventos!$D:$D,$C$2,Eventos!$B:$B,PANES_SEMANALES[[#ALL],[DOMINGO]]) -> 0 | T96: =SUM(M96:S96) -> 0
B97: Azúcar flor | C97: =SUMIFS(Eventos!$BR:$BR,Eventos!$BQ:$BQ,$B97,Eventos!$B:$B,C$70,Eventos!$D:$D,$C$2) -> 0 | D97: =SUMIFS(Eventos!$BR:$BR,Eventos!$BQ:$BQ,$B97,Eventos!$B:$B,D$70,Eventos!$D:$D,$C$2) -> 0 | E97: =SUMIFS(Eventos!$BR:$BR,Eventos!$BQ:$BQ,$B97,Eventos!$B:$B,E$70,Eventos!$D:$D,$C$2) -> 0 | F97: =SUMIFS(Eventos!$BR:$BR,Eventos!$BQ:$BQ,$B97,Eventos!$B:$B,F$70,Eventos!$D:$D,$C$2) -> 0 | G97: =SUMIFS(Eventos!$BR:$BR,Eventos!$BQ:$BQ,$B97,Eventos!$B:$B,G$70,Eventos!$D:$D,$C$2) -> 0 | H97: =SUMIFS(Eventos!$BR:$BR,Eventos!$BQ:$BQ,$B97,Eventos!$B:$B,H$70,Eventos!$D:$D,$C$2) -> 0 | I97: =SUMIFS(Eventos!$BR:$BR,Eventos!$BQ:$BQ,$B97,Eventos!$B:$B,I$70,Eventos!$D:$D,$C$2) -> 0 | J97: =SUM(C97:I97) -> 0 | M97: =SUMIFS(Eventos!$G:$G,Eventos!$F:$F,$L97,Eventos!$D:$D,$C$2,Eventos!$B:$B,PANES_SEMANALES[[#ALL],[LUNES]]) -> 0 | N97: =SUMIFS(Eventos!$G:$G,Eventos!$F:$F,$L97,Eventos!$D:$D,$C$2,Eventos!$B:$B,PANES_SEMANALES[[#ALL],[MARTES]]) -> 0 | O97: =SUMIFS(Eventos!$G:$G,Eventos!$F:$F,$L97,Eventos!$D:$D,$C$2,Eventos!$B:$B,PANES_SEMANALES[[#ALL],[MIÉRCOLES]]) -> 0 | P97: =SUMIFS(Eventos!$G:$G,Eventos!$F:$F,$L97,Eventos!$D:$D,$C$2,Eventos!$B:$B,PANES_SEMANALES[[#ALL],[JUEVES]]) -> 0 | Q97: =IF(P97<>"",SUMIFS(Eventos!$G:$G,Eventos!$B:$B,Q$2,Eventos!$D:$D,$C$2,Eventos!$F:$F,$L97),"") -> 0 | R97: =SUMIFS(Eventos!$G:$G,Eventos!$F:$F,$L97,Eventos!$D:$D,$C$2,Eventos!$B:$B,PANES_SEMANALES[[#ALL],[SÁBADO]]) -> 0 | S97: =SUMIFS(Eventos!$G:$G,Eventos!$F:$F,$L97,Eventos!$D:$D,$C$2,Eventos!$B:$B,PANES_SEMANALES[[#ALL],[DOMINGO]]) -> 0 | T97: =SUM(M97:S97) -> 0
B98: Porta HotDog | C98: =SUMIFS(Eventos!$BT:$BT,Eventos!$BS:$BS,$B98,Eventos!$B:$B,C$70,Eventos!$D:$D,$C$2) -> 0 | D98: =SUMIFS(Eventos!$BT:$BT,Eventos!$BS:$BS,$B98,Eventos!$B:$B,D$70,Eventos!$D:$D,$C$2) -> 0 | E98: =SUMIFS(Eventos!$BT:$BT,Eventos!$BS:$BS,$B98,Eventos!$B:$B,E$70,Eventos!$D:$D,$C$2) -> 0 | F98: =SUMIFS(Eventos!$BT:$BT,Eventos!$BS:$BS,$B98,Eventos!$B:$B,F$70,Eventos!$D:$D,$C$2) -> 0 | G98: =SUMIFS(Eventos!$BT:$BT,Eventos!$BS:$BS,$B98,Eventos!$B:$B,G$70,Eventos!$D:$D,$C$2) -> 0 | H98: =SUMIFS(Eventos!$BT:$BT,Eventos!$BS:$BS,$B98,Eventos!$B:$B,H$70,Eventos!$D:$D,$C$2) -> 0 | I98: =SUMIFS(Eventos!$BT:$BT,Eventos!$BS:$BS,$B98,Eventos!$B:$B,I$70,Eventos!$D:$D,$C$2) -> 0 | J98: =SUM(C98:I98) -> 0 | M98: =SUMIFS(Eventos!$G:$G,Eventos!$F:$F,$L98,Eventos!$D:$D,$C$2,Eventos!$B:$B,PANES_SEMANALES[[#ALL],[LUNES]]) -> 0 | N98: =SUMIFS(Eventos!$G:$G,Eventos!$F:$F,$L98,Eventos!$D:$D,$C$2,Eventos!$B:$B,PANES_SEMANALES[[#ALL],[MARTES]]) -> 0 | O98: =SUMIFS(Eventos!$G:$G,Eventos!$F:$F,$L98,Eventos!$D:$D,$C$2,Eventos!$B:$B,PANES_SEMANALES[[#ALL],[MIÉRCOLES]]) -> 0 | P98: =SUMIFS(Eventos!$G:$G,Eventos!$F:$F,$L98,Eventos!$D:$D,$C$2,Eventos!$B:$B,PANES_SEMANALES[[#ALL],[JUEVES]]) -> 0 | Q98: =IF(P98<>"",SUMIFS(Eventos!$G:$G,Eventos!$B:$B,Q$2,Eventos!$D:$D,$C$2,Eventos!$F:$F,$L98),"") -> 0 | R98: =SUMIFS(Eventos!$G:$G,Eventos!$F:$F,$L98,Eventos!$D:$D,$C$2,Eventos!$B:$B,PANES_SEMANALES[[#ALL],[SÁBADO]]) -> 0 | S98: =SUMIFS(Eventos!$G:$G,Eventos!$F:$F,$L98,Eventos!$D:$D,$C$2,Eventos!$B:$B,PANES_SEMANALES[[#ALL],[DOMINGO]]) -> 0 | T98: =SUM(M98:S98) -> 0
B99: Plato Redondo | C99: =SUMIFS(Eventos!$BV:$BV,Eventos!$BU:$BU,$B99,Eventos!$B:$B,C$70,Eventos!$D:$D,$C$2) -> 0 | D99: =SUMIFS(Eventos!$BV:$BV,Eventos!$BU:$BU,$B99,Eventos!$B:$B,D$70,Eventos!$D:$D,$C$2) -> 0 | E99: =SUMIFS(Eventos!$BV:$BV,Eventos!$BU:$BU,$B99,Eventos!$B:$B,E$70,Eventos!$D:$D,$C$2) -> 0 | F99: =SUMIFS(Eventos!$BV:$BV,Eventos!$BU:$BU,$B99,Eventos!$B:$B,F$70,Eventos!$D:$D,$C$2) -> 0 | G99: =SUMIFS(Eventos!$BV:$BV,Eventos!$BU:$BU,$B99,Eventos!$B:$B,G$70,Eventos!$D:$D,$C$2) -> 0 | H99: =SUMIFS(Eventos!$BV:$BV,Eventos!$BU:$BU,$B99,Eventos!$B:$B,H$70,Eventos!$D:$D,$C$2) -> 0 | I99: =SUMIFS(Eventos!$BV:$BV,Eventos!$BU:$BU,$B99,Eventos!$B:$B,I$70,Eventos!$D:$D,$C$2) -> 0 | J99: =SUM(C99:I99) -> 0 | M99: =SUMIFS(Eventos!$G:$G,Eventos!$F:$F,$L99,Eventos!$D:$D,$C$2,Eventos!$B:$B,PANES_SEMANALES[[#ALL],[LUNES]]) -> 0 | N99: =SUMIFS(Eventos!$G:$G,Eventos!$F:$F,$L99,Eventos!$D:$D,$C$2,Eventos!$B:$B,PANES_SEMANALES[[#ALL],[MARTES]]) -> 0 | O99: =SUMIFS(Eventos!$G:$G,Eventos!$F:$F,$L99,Eventos!$D:$D,$C$2,Eventos!$B:$B,PANES_SEMANALES[[#ALL],[MIÉRCOLES]]) -> 0 | P99: =SUMIFS(Eventos!$G:$G,Eventos!$F:$F,$L99,Eventos!$D:$D,$C$2,Eventos!$B:$B,PANES_SEMANALES[[#ALL],[JUEVES]]) -> 0 | Q99: =IF(P99<>"",SUMIFS(Eventos!$G:$G,Eventos!$B:$B,Q$2,Eventos!$D:$D,$C$2,Eventos!$F:$F,$L99),"") -> 0 | R99: =SUMIFS(Eventos!$G:$G,Eventos!$F:$F,$L99,Eventos!$D:$D,$C$2,Eventos!$B:$B,PANES_SEMANALES[[#ALL],[SÁBADO]]) -> 0 | S99: =SUMIFS(Eventos!$G:$G,Eventos!$F:$F,$L99,Eventos!$D:$D,$C$2,Eventos!$B:$B,PANES_SEMANALES[[#ALL],[DOMINGO]]) -> 0 | T99: =SUM(M99:S99) -> 0
B100: Saco Blanco | C100: =SUMIFS(Eventos!$BX:$BX,Eventos!$BW:$BW,$B100,Eventos!$B:$B,C$70,Eventos!$D:$D,$C$2) -> 0 | D100: =SUMIFS(Eventos!$BX:$BX,Eventos!$BW:$BW,$B100,Eventos!$B:$B,D$70,Eventos!$D:$D,$C$2) -> 0 | E100: =SUMIFS(Eventos!$BX:$BX,Eventos!$BW:$BW,$B100,Eventos!$B:$B,E$70,Eventos!$D:$D,$C$2) -> 0 | F100: =SUMIFS(Eventos!$BX:$BX,Eventos!$BW:$BW,$B100,Eventos!$B:$B,F$70,Eventos!$D:$D,$C$2) -> 0 | G100: =SUMIFS(Eventos!$BX:$BX,Eventos!$BW:$BW,$B100,Eventos!$B:$B,G$70,Eventos!$D:$D,$C$2) -> 0 | H100: =SUMIFS(Eventos!$BX:$BX,Eventos!$BW:$BW,$B100,Eventos!$B:$B,H$70,Eventos!$D:$D,$C$2) -> 0 | I100: =SUMIFS(Eventos!$BX:$BX,Eventos!$BW:$BW,$B100,Eventos!$B:$B,I$70,Eventos!$D:$D,$C$2) -> 0 | J100: =SUM(C100:I100) -> 0 | M100: =SUMIFS(Eventos!$G:$G,Eventos!$F:$F,$L100,Eventos!$D:$D,$C$2,Eventos!$B:$B,PANES_SEMANALES[[#ALL],[LUNES]]) -> 0 | N100: =SUMIFS(Eventos!$G:$G,Eventos!$F:$F,$L100,Eventos!$D:$D,$C$2,Eventos!$B:$B,PANES_SEMANALES[[#ALL],[MARTES]]) -> 0 | O100: =SUMIFS(Eventos!$G:$G,Eventos!$F:$F,$L100,Eventos!$D:$D,$C$2,Eventos!$B:$B,PANES_SEMANALES[[#ALL],[MIÉRCOLES]]) -> 0 | P100: =SUMIFS(Eventos!$G:$G,Eventos!$F:$F,$L100,Eventos!$D:$D,$C$2,Eventos!$B:$B,PANES_SEMANALES[[#ALL],[JUEVES]]) -> 0 | Q100: =IF(P100<>"",SUMIFS(Eventos!$G:$G,Eventos!$B:$B,Q$2,Eventos!$D:$D,$C$2,Eventos!$F:$F,$L100),"") -> 0 | R100: =SUMIFS(Eventos!$G:$G,Eventos!$F:$F,$L100,Eventos!$D:$D,$C$2,Eventos!$B:$B,PANES_SEMANALES[[#ALL],[SÁBADO]]) -> 0 | S100: =SUMIFS(Eventos!$G:$G,Eventos!$F:$F,$L100,Eventos!$D:$D,$C$2,Eventos!$B:$B,PANES_SEMANALES[[#ALL],[DOMINGO]]) -> 0 | T100: =SUM(M100:S100) -> 0
B101: Estuche Papas Fritas | C101: =SUMIFS(Eventos!$BZ:$BZ,Eventos!$BY:$BY,$B101,Eventos!$B:$B,C$70,Eventos!$D:$D,$C$2) -> 0 | D101: =SUMIFS(Eventos!$BZ:$BZ,Eventos!$BY:$BY,$B101,Eventos!$B:$B,D$70,Eventos!$D:$D,$C$2) -> 0 | E101: =SUMIFS(Eventos!$BZ:$BZ,Eventos!$BY:$BY,$B101,Eventos!$B:$B,E$70,Eventos!$D:$D,$C$2) -> 0 | F101: =SUMIFS(Eventos!$BZ:$BZ,Eventos!$BY:$BY,$B101,Eventos!$B:$B,F$70,Eventos!$D:$D,$C$2) -> 0 | G101: =SUMIFS(Eventos!$BZ:$BZ,Eventos!$BY:$BY,$B101,Eventos!$B:$B,G$70,Eventos!$D:$D,$C$2) -> 0 | H101: =SUMIFS(Eventos!$BZ:$BZ,Eventos!$BY:$BY,$B101,Eventos!$B:$B,H$70,Eventos!$D:$D,$C$2) -> 0 | I101: =SUMIFS(Eventos!$BZ:$BZ,Eventos!$BY:$BY,$B101,Eventos!$B:$B,I$70,Eventos!$D:$D,$C$2) -> 0 | J101: =SUM(C101:I101) -> 0 | M101: =SUMIFS(Eventos!$G:$G,Eventos!$F:$F,$L101,Eventos!$D:$D,$C$2,Eventos!$B:$B,PANES_SEMANALES[[#ALL],[LUNES]]) -> 0 | N101: =SUMIFS(Eventos!$G:$G,Eventos!$F:$F,$L101,Eventos!$D:$D,$C$2,Eventos!$B:$B,PANES_SEMANALES[[#ALL],[MARTES]]) -> 0 | O101: =SUMIFS(Eventos!$G:$G,Eventos!$F:$F,$L101,Eventos!$D:$D,$C$2,Eventos!$B:$B,PANES_SEMANALES[[#ALL],[MIÉRCOLES]]) -> 0 | P101: =SUMIFS(Eventos!$G:$G,Eventos!$F:$F,$L101,Eventos!$D:$D,$C$2,Eventos!$B:$B,PANES_SEMANALES[[#ALL],[JUEVES]]) -> 0 | Q101: =IF(P101<>"",SUMIFS(Eventos!$G:$G,Eventos!$B:$B,Q$2,Eventos!$D:$D,$C$2,Eventos!$F:$F,$L101),"") -> 0 | R101: =SUMIFS(Eventos!$G:$G,Eventos!$F:$F,$L101,Eventos!$D:$D,$C$2,Eventos!$B:$B,PANES_SEMANALES[[#ALL],[SÁBADO]]) -> 0 | S101: =SUMIFS(Eventos!$G:$G,Eventos!$F:$F,$L101,Eventos!$D:$D,$C$2,Eventos!$B:$B,PANES_SEMANALES[[#ALL],[DOMINGO]]) -> 0 | T101: =SUM(M101:S101) -> 0
M102: =SUMIFS(Eventos!$G:$G,Eventos!$F:$F,$L102,Eventos!$D:$D,$C$2,Eventos!$B:$B,PANES_SEMANALES[[#ALL],[LUNES]]) -> 0 | N102: =SUMIFS(Eventos!$G:$G,Eventos!$F:$F,$L102,Eventos!$D:$D,$C$2,Eventos!$B:$B,PANES_SEMANALES[[#ALL],[MARTES]]) -> 0 | O102: =SUMIFS(Eventos!$G:$G,Eventos!$F:$F,$L102,Eventos!$D:$D,$C$2,Eventos!$B:$B,PANES_SEMANALES[[#ALL],[MIÉRCOLES]]) -> 0 | P102: =SUMIFS(Eventos!$G:$G,Eventos!$F:$F,$L102,Eventos!$D:$D,$C$2,Eventos!$B:$B,PANES_SEMANALES[[#ALL],[JUEVES]]) -> 0 | Q102: =IF(P102<>"",SUMIFS(Eventos!$G:$G,Eventos!$B:$B,Q$2,Eventos!$D:$D,$C$2,Eventos!$F:$F,$L102),"") -> 0 | R102: =SUMIFS(Eventos!$G:$G,Eventos!$F:$F,$L102,Eventos!$D:$D,$C$2,Eventos!$B:$B,PANES_SEMANALES[[#ALL],[SÁBADO]]) -> 0 | S102: =SUMIFS(Eventos!$G:$G,Eventos!$F:$F,$L102,Eventos!$D:$D,$C$2,Eventos!$B:$B,PANES_SEMANALES[[#ALL],[DOMINGO]]) -> 0 | T102: =SUM(M102:S102) -> 0
M103: =SUMIFS(Eventos!$G:$G,Eventos!$F:$F,$L103,Eventos!$D:$D,$C$2,Eventos!$B:$B,PANES_SEMANALES[[#ALL],[LUNES]]) -> 0 | N103: =SUMIFS(Eventos!$G:$G,Eventos!$F:$F,$L103,Eventos!$D:$D,$C$2,Eventos!$B:$B,PANES_SEMANALES[[#ALL],[MARTES]]) -> 0 | O103: =SUMIFS(Eventos!$G:$G,Eventos!$F:$F,$L103,Eventos!$D:$D,$C$2,Eventos!$B:$B,PANES_SEMANALES[[#ALL],[MIÉRCOLES]]) -> 0 | P103: =SUMIFS(Eventos!$G:$G,Eventos!$F:$F,$L103,Eventos!$D:$D,$C$2,Eventos!$B:$B,PANES_SEMANALES[[#ALL],[JUEVES]]) -> 0 | Q103: =IF(P103<>"",SUMIFS(Eventos!$G:$G,Eventos!$B:$B,Q$2,Eventos!$D:$D,$C$2,Eventos!$F:$F,$L103),"") -> 0 | R103: =SUMIFS(Eventos!$G:$G,Eventos!$F:$F,$L103,Eventos!$D:$D,$C$2,Eventos!$B:$B,PANES_SEMANALES[[#ALL],[SÁBADO]]) -> 0 | S103: =SUMIFS(Eventos!$G:$G,Eventos!$F:$F,$L103,Eventos!$D:$D,$C$2,Eventos!$B:$B,PANES_SEMANALES[[#ALL],[DOMINGO]]) -> 0 | T103: =SUM(M103:S103) -> 0
M104: =SUMIFS(Eventos!$G:$G,Eventos!$F:$F,$L104,Eventos!$D:$D,$C$2,Eventos!$B:$B,PANES_SEMANALES[[#ALL],[LUNES]]) -> 0 | N104: =SUMIFS(Eventos!$G:$G,Eventos!$F:$F,$L104,Eventos!$D:$D,$C$2,Eventos!$B:$B,PANES_SEMANALES[[#ALL],[MARTES]]) -> 0 | O104: =SUMIFS(Eventos!$G:$G,Eventos!$F:$F,$L104,Eventos!$D:$D,$C$2,Eventos!$B:$B,PANES_SEMANALES[[#ALL],[MIÉRCOLES]]) -> 0 | P104: =SUMIFS(Eventos!$G:$G,Eventos!$F:$F,$L104,Eventos!$D:$D,$C$2,Eventos!$B:$B,PANES_SEMANALES[[#ALL],[JUEVES]]) -> 0 | Q104: =IF(P104<>"",SUMIFS(Eventos!$G:$G,Eventos!$B:$B,Q$2,Eventos!$D:$D,$C$2,Eventos!$F:$F,$L104),"") -> 0 | R104: =SUMIFS(Eventos!$G:$G,Eventos!$F:$F,$L104,Eventos!$D:$D,$C$2,Eventos!$B:$B,PANES_SEMANALES[[#ALL],[SÁBADO]]) -> 0 | S104: =SUMIFS(Eventos!$G:$G,Eventos!$F:$F,$L104,Eventos!$D:$D,$C$2,Eventos!$B:$B,PANES_SEMANALES[[#ALL],[DOMINGO]]) -> 0 | T104: =SUM(M104:S104) -> 0
M105: =SUMIFS(Eventos!$G:$G,Eventos!$F:$F,$L105,Eventos!$D:$D,$C$2,Eventos!$B:$B,PANES_SEMANALES[[#ALL],[LUNES]]) -> 0 | N105: =SUMIFS(Eventos!$G:$G,Eventos!$F:$F,$L105,Eventos!$D:$D,$C$2,Eventos!$B:$B,PANES_SEMANALES[[#ALL],[MARTES]]) -> 0 | O105: =SUMIFS(Eventos!$G:$G,Eventos!$F:$F,$L105,Eventos!$D:$D,$C$2,Eventos!$B:$B,PANES_SEMANALES[[#ALL],[MIÉRCOLES]]) -> 0 | P105: =SUMIFS(Eventos!$G:$G,Eventos!$F:$F,$L105,Eventos!$D:$D,$C$2,Eventos!$B:$B,PANES_SEMANALES[[#ALL],[JUEVES]]) -> 0 | Q105: =IF(P105<>"",SUMIFS(Eventos!$G:$G,Eventos!$B:$B,Q$2,Eventos!$D:$D,$C$2,Eventos!$F:$F,$L105),"") -> 0 | R105: =SUMIFS(Eventos!$G:$G,Eventos!$F:$F,$L105,Eventos!$D:$D,$C$2,Eventos!$B:$B,PANES_SEMANALES[[#ALL],[SÁBADO]]) -> 0 | S105: =SUMIFS(Eventos!$G:$G,Eventos!$F:$F,$L105,Eventos!$D:$D,$C$2,Eventos!$B:$B,PANES_SEMANALES[[#ALL],[DOMINGO]]) -> 0 | T105: =SUM(M105:S105) -> 0
M106: =SUMIFS(Eventos!$G:$G,Eventos!$F:$F,$L106,Eventos!$D:$D,$C$2,Eventos!$B:$B,PANES_SEMANALES[[#ALL],[LUNES]]) -> 0 | N106: =SUMIFS(Eventos!$G:$G,Eventos!$F:$F,$L106,Eventos!$D:$D,$C$2,Eventos!$B:$B,PANES_SEMANALES[[#ALL],[MARTES]]) -> 0 | O106: =SUMIFS(Eventos!$G:$G,Eventos!$F:$F,$L106,Eventos!$D:$D,$C$2,Eventos!$B:$B,PANES_SEMANALES[[#ALL],[MIÉRCOLES]]) -> 0 | P106: =SUMIFS(Eventos!$G:$G,Eventos!$F:$F,$L106,Eventos!$D:$D,$C$2,Eventos!$B:$B,PANES_SEMANALES[[#ALL],[JUEVES]]) -> 0 | Q106: =IF(P106<>"",SUMIFS(Eventos!$G:$G,Eventos!$B:$B,Q$2,Eventos!$D:$D,$C$2,Eventos!$F:$F,$L106),"") -> 0 | R106: =SUMIFS(Eventos!$G:$G,Eventos!$F:$F,$L106,Eventos!$D:$D,$C$2,Eventos!$B:$B,PANES_SEMANALES[[#ALL],[SÁBADO]]) -> 0 | S106: =SUMIFS(Eventos!$G:$G,Eventos!$F:$F,$L106,Eventos!$D:$D,$C$2,Eventos!$B:$B,PANES_SEMANALES[[#ALL],[DOMINGO]]) -> 0 | T106: =SUM(M106:S106) -> 0
M107: =SUMIFS(Eventos!$G:$G,Eventos!$F:$F,$L107,Eventos!$D:$D,$C$2,Eventos!$B:$B,PANES_SEMANALES[[#ALL],[LUNES]]) -> 0 | N107: =SUMIFS(Eventos!$G:$G,Eventos!$F:$F,$L107,Eventos!$D:$D,$C$2,Eventos!$B:$B,PANES_SEMANALES[[#ALL],[MARTES]]) -> 0 | O107: =SUMIFS(Eventos!$G:$G,Eventos!$F:$F,$L107,Eventos!$D:$D,$C$2,Eventos!$B:$B,PANES_SEMANALES[[#ALL],[MIÉRCOLES]]) -> 0 | P107: =SUMIFS(Eventos!$G:$G,Eventos!$F:$F,$L107,Eventos!$D:$D,$C$2,Eventos!$B:$B,PANES_SEMANALES[[#ALL],[JUEVES]]) -> 0 | Q107: =IF(P107<>"",SUMIFS(Eventos!$G:$G,Eventos!$B:$B,Q$2,Eventos!$D:$D,$C$2,Eventos!$F:$F,$L107),"") -> 0 | R107: =SUMIFS(Eventos!$G:$G,Eventos!$F:$F,$L107,Eventos!$D:$D,$C$2,Eventos!$B:$B,PANES_SEMANALES[[#ALL],[SÁBADO]]) -> 0 | S107: =SUMIFS(Eventos!$G:$G,Eventos!$F:$F,$L107,Eventos!$D:$D,$C$2,Eventos!$B:$B,PANES_SEMANALES[[#ALL],[DOMINGO]]) -> 0 | T107: =SUM(M107:S107) -> 0
M108: =SUMIFS(Eventos!$G:$G,Eventos!$F:$F,$L108,Eventos!$D:$D,$C$2,Eventos!$B:$B,PANES_SEMANALES[[#ALL],[LUNES]]) -> 0 | N108: =SUMIFS(Eventos!$G:$G,Eventos!$F:$F,$L108,Eventos!$D:$D,$C$2,Eventos!$B:$B,PANES_SEMANALES[[#ALL],[MARTES]]) -> 0 | O108: =SUMIFS(Eventos!$G:$G,Eventos!$F:$F,$L108,Eventos!$D:$D,$C$2,Eventos!$B:$B,PANES_SEMANALES[[#ALL],[MIÉRCOLES]]) -> 0 | P108: =SUMIFS(Eventos!$G:$G,Eventos!$F:$F,$L108,Eventos!$D:$D,$C$2,Eventos!$B:$B,PANES_SEMANALES[[#ALL],[JUEVES]]) -> 0 | Q108: =IF(P108<>"",SUMIFS(Eventos!$G:$G,Eventos!$B:$B,Q$2,Eventos!$D:$D,$C$2,Eventos!$F:$F,$L108),"") -> 0 | R108: =SUMIFS(Eventos!$G:$G,Eventos!$F:$F,$L108,Eventos!$D:$D,$C$2,Eventos!$B:$B,PANES_SEMANALES[[#ALL],[SÁBADO]]) -> 0 | S108: =SUMIFS(Eventos!$G:$G,Eventos!$F:$F,$L108,Eventos!$D:$D,$C$2,Eventos!$B:$B,PANES_SEMANALES[[#ALL],[DOMINGO]]) -> 0 | T108: =SUM(M108:S108) -> 0
M109: =SUMIFS(Eventos!$G:$G,Eventos!$F:$F,$L109,Eventos!$D:$D,$C$2,Eventos!$B:$B,PANES_SEMANALES[[#ALL],[LUNES]]) -> 0 | N109: =SUMIFS(Eventos!$G:$G,Eventos!$F:$F,$L109,Eventos!$D:$D,$C$2,Eventos!$B:$B,PANES_SEMANALES[[#ALL],[MARTES]]) -> 0 | O109: =SUMIFS(Eventos!$G:$G,Eventos!$F:$F,$L109,Eventos!$D:$D,$C$2,Eventos!$B:$B,PANES_SEMANALES[[#ALL],[MIÉRCOLES]]) -> 0 | P109: =SUMIFS(Eventos!$G:$G,Eventos!$F:$F,$L109,Eventos!$D:$D,$C$2,Eventos!$B:$B,PANES_SEMANALES[[#ALL],[JUEVES]]) -> 0 | Q109: =IF(P109<>"",SUMIFS(Eventos!$G:$G,Eventos!$B:$B,Q$2,Eventos!$D:$D,$C$2,Eventos!$F:$F,$L109),"") -> 0 | R109: =SUMIFS(Eventos!$G:$G,Eventos!$F:$F,$L109,Eventos!$D:$D,$C$2,Eventos!$B:$B,PANES_SEMANALES[[#ALL],[SÁBADO]]) -> 0 | S109: =SUMIFS(Eventos!$G:$G,Eventos!$F:$F,$L109,Eventos!$D:$D,$C$2,Eventos!$B:$B,PANES_SEMANALES[[#ALL],[DOMINGO]]) -> 0 | T109: =SUM(M109:S109) -> 0
M110: =SUMIFS(Eventos!$G:$G,Eventos!$F:$F,$L110,Eventos!$D:$D,$C$2,Eventos!$B:$B,PANES_SEMANALES[[#ALL],[LUNES]]) -> 0 | N110: =SUMIFS(Eventos!$G:$G,Eventos!$F:$F,$L110,Eventos!$D:$D,$C$2,Eventos!$B:$B,PANES_SEMANALES[[#ALL],[MARTES]]) -> 0 | O110: =SUMIFS(Eventos!$G:$G,Eventos!$F:$F,$L110,Eventos!$D:$D,$C$2,Eventos!$B:$B,PANES_SEMANALES[[#ALL],[MIÉRCOLES]]) -> 0 | P110: =SUMIFS(Eventos!$G:$G,Eventos!$F:$F,$L110,Eventos!$D:$D,$C$2,Eventos!$B:$B,PANES_SEMANALES[[#ALL],[JUEVES]]) -> 0 | Q110: =IF(P110<>"",SUMIFS(Eventos!$G:$G,Eventos!$B:$B,Q$2,Eventos!$D:$D,$C$2,Eventos!$F:$F,$L110),"") -> 0 | R110: =SUMIFS(Eventos!$G:$G,Eventos!$F:$F,$L110,Eventos!$D:$D,$C$2,Eventos!$B:$B,PANES_SEMANALES[[#ALL],[SÁBADO]]) -> 0 | S110: =SUMIFS(Eventos!$G:$G,Eventos!$F:$F,$L110,Eventos!$D:$D,$C$2,Eventos!$B:$B,PANES_SEMANALES[[#ALL],[DOMINGO]]) -> 0 | T110: =SUM(M110:S110) -> 0
M111: =SUMIFS(Eventos!$G:$G,Eventos!$F:$F,$L111,Eventos!$D:$D,$C$2,Eventos!$B:$B,PANES_SEMANALES[[#ALL],[LUNES]]) -> 0 | N111: =SUMIFS(Eventos!$G:$G,Eventos!$F:$F,$L111,Eventos!$D:$D,$C$2,Eventos!$B:$B,PANES_SEMANALES[[#ALL],[MARTES]]) -> 0 | O111: =SUMIFS(Eventos!$G:$G,Eventos!$F:$F,$L111,Eventos!$D:$D,$C$2,Eventos!$B:$B,PANES_SEMANALES[[#ALL],[MIÉRCOLES]]) -> 0 | P111: =SUMIFS(Eventos!$G:$G,Eventos!$F:$F,$L111,Eventos!$D:$D,$C$2,Eventos!$B:$B,PANES_SEMANALES[[#ALL],[JUEVES]]) -> 0 | Q111: =IF(P111<>"",SUMIFS(Eventos!$G:$G,Eventos!$B:$B,Q$2,Eventos!$D:$D,$C$2,Eventos!$F:$F,$L111),"") -> 0 | R111: =SUMIFS(Eventos!$G:$G,Eventos!$F:$F,$L111,Eventos!$D:$D,$C$2,Eventos!$B:$B,PANES_SEMANALES[[#ALL],[SÁBADO]]) -> 0 | S111: =SUMIFS(Eventos!$G:$G,Eventos!$F:$F,$L111,Eventos!$D:$D,$C$2,Eventos!$B:$B,PANES_SEMANALES[[#ALL],[DOMINGO]]) -> 0 | T111: =SUM(M111:S111) -> 0
M112: =SUMIFS(Eventos!$G:$G,Eventos!$F:$F,$L112,Eventos!$D:$D,$C$2,Eventos!$B:$B,PANES_SEMANALES[[#ALL],[LUNES]]) -> 0 | N112: =SUMIFS(Eventos!$G:$G,Eventos!$F:$F,$L112,Eventos!$D:$D,$C$2,Eventos!$B:$B,PANES_SEMANALES[[#ALL],[MARTES]]) -> 0 | O112: =SUMIFS(Eventos!$G:$G,Eventos!$F:$F,$L112,Eventos!$D:$D,$C$2,Eventos!$B:$B,PANES_SEMANALES[[#ALL],[MIÉRCOLES]]) -> 0 | P112: =SUMIFS(Eventos!$G:$G,Eventos!$F:$F,$L112,Eventos!$D:$D,$C$2,Eventos!$B:$B,PANES_SEMANALES[[#ALL],[JUEVES]]) -> 0 | Q112: =IF(P112<>"",SUMIFS(Eventos!$G:$G,Eventos!$B:$B,Q$2,Eventos!$D:$D,$C$2,Eventos!$F:$F,$L112),"") -> 0 | R112: =SUMIFS(Eventos!$G:$G,Eventos!$F:$F,$L112,Eventos!$D:$D,$C$2,Eventos!$B:$B,PANES_SEMANALES[[#ALL],[SÁBADO]]) -> 0 | S112: =SUMIFS(Eventos!$G:$G,Eventos!$F:$F,$L112,Eventos!$D:$D,$C$2,Eventos!$B:$B,PANES_SEMANALES[[#ALL],[DOMINGO]]) -> 0 | T112: =SUM(M112:S112) -> 0
M113: =SUMIFS(Eventos!$G:$G,Eventos!$F:$F,$L113,Eventos!$D:$D,$C$2,Eventos!$B:$B,PANES_SEMANALES[[#ALL],[LUNES]]) -> 0 | N113: =SUMIFS(Eventos!$G:$G,Eventos!$F:$F,$L113,Eventos!$D:$D,$C$2,Eventos!$B:$B,PANES_SEMANALES[[#ALL],[MARTES]]) -> 0 | O113: =SUMIFS(Eventos!$G:$G,Eventos!$F:$F,$L113,Eventos!$D:$D,$C$2,Eventos!$B:$B,PANES_SEMANALES[[#ALL],[MIÉRCOLES]]) -> 0 | P113: =SUMIFS(Eventos!$G:$G,Eventos!$F:$F,$L113,Eventos!$D:$D,$C$2,Eventos!$B:$B,PANES_SEMANALES[[#ALL],[JUEVES]]) -> 0 | Q113: =IF(P113<>"",SUMIFS(Eventos!$G:$G,Eventos!$B:$B,Q$2,Eventos!$D:$D,$C$2,Eventos!$F:$F,$L113),"") -> 0 | R113: =SUMIFS(Eventos!$G:$G,Eventos!$F:$F,$L113,Eventos!$D:$D,$C$2,Eventos!$B:$B,PANES_SEMANALES[[#ALL],[SÁBADO]]) -> 0 | S113: =SUMIFS(Eventos!$G:$G,Eventos!$F:$F,$L113,Eventos!$D:$D,$C$2,Eventos!$B:$B,PANES_SEMANALES[[#ALL],[DOMINGO]]) -> 0 | T113: =SUM(M113:S113) -> 0
... M1496: =SUMIFS(Eventos!$G:$G,Eventos!$F:$F,$L1496,Eventos!$D:$D,$C$2,Eventos!$B:$B,PANES_SEMANALES[[#ALL],[LUNES]]) -> 0 | N1496: =SUMIFS(Eventos!$G:$G,Eventos!$F:$F,$L1496,Eventos!$D:$D,$C$2,Eventos!$B:$B,PANES_SEMANALES[[#ALL],[MARTES]]) -> 0 | O1496: =SUMIFS(Eventos!$G:$G,Eventos!$F:$F,$L1496,Eventos!$D:$D,$C$2,Eventos!$B:$B,PANES_SEMANALES[[#ALL],[MIÉRCOLES]]) -> 0 | P1496: =SUMIFS(Eventos!$G:$G,Eventos!$F:$F,$L1496,Eventos!$D:$D,$C$2,Eventos!$B:$B,PANES_SEMANALES[[#ALL],[JUEVES]]) -> 0 | Q1496: =IF(P1496<>"",SUMIFS(Eventos!$G:$G,Eventos!$B:$B,Q$2,Eventos!$D:$D,$C$2,Eventos!$F:$F,$L1496),"") -> 0 | R1496: =SUMIFS(Eventos!$G:$G,Eventos!$F:$F,$L1496,Eventos!$D:$D,$C$2,Eventos!$B:$B,PANES_SEMANALES[[#ALL],[SÁBADO]]) -> 0 | S1496: =SUMIFS(Eventos!$G:$G,Eventos!$F:$F,$L1496,Eventos!$D:$D,$C$2,Eventos!$B:$B,PANES_SEMANALES[[#ALL],[DOMINGO]]) -> 0 | T1496: =SUM(M1496:S1496) -> 0

Sheet Semana 23
A1: DEL SABOR | B1: Domingo
A2: Marca | B2: Día | C2: Cliente | D2: Producto | E2: Cantidad | F2: INGREDIENTES
C3: EDUARDO JEREZ | D3: HotDog Italiano | E3: 50 | F3: Pan Lengua | G3: Salchicha | H3: Tomate Picado | I3: Palta | J3: Porta HotDog
F4: 50 | G4: 50 | H4: 2000 | I4: 1750 | J4: 50
A5: EXPRESS | B5: Lunes
A6: Marca | B6: Día | C6: Cliente | D6: Producto | E6: Cantidad | F6: INGREDIENTES
C7: Brenda | D7: Pop corn | E7: 150 | F7: Cucurucho | G7: Azúcar | H7: Maíz | I7: Aceite
F8: 150 | G8: 18000 | H8: 30000 | I8: 13500
D9: Operador extra | E9: 1
A11: EXPRESS | B11: Miércoles
A12: Marca | B12: Día | C12: Cliente | D12: Producto | E12: Cantidad | F12: INGREDIENTES
C13: FRANCISCA ANABALÓN | D13: Mechada Italiana | E13: 40 | F13: Pan Brioche | G13: Mechada Vacuno | H13: Tomate Laminado | I13: Palta | J13: Plato Redondo
F14: 40 | G14: 4000 | H14: 40 | I14: 1400 | J14: 40
D15: As Luco | E15: 40 | F15: Pan Lengua | G15: Vacuno | H15: Queso | I15: Porta HotDog
F16: 40 | G16: 4000 | H16: 40 | I16: 40
A17: GOURMET | B17: Miércoles
A18: Marca | B18: Día | C18: Cliente | D18: Producto | E18: Cantidad | F18: INGREDIENTES
C19: PAOLA GODOY | D19: Hot Dog Italiano | E19: 98 | F19: Pan Lengua | G19: Salchicha | H19: Tomate Picado | I19: Palta | J19: Porta HotDog
F20: 98 | G20: 98 | H20: 3920 | I20: 3430 | J20: 98
A21: EXPRESS | B21: Jueves
A22: Marca | B22: Día | C22: Cliente | D22: Producto | E22: Cantidad | F22: INGREDIENTES
C23: DANIELA SALTRON | D23: Hamburguesas clásicas | E23: 50 | F23: Pan Brioche | G23: Hamburguesa | H23: Tomate Laminado | I23: Queso | J23: Lechuga | K23: Pepinillos | L23: Plato Redondo
F24: 50 | G24: 50 | H24: 50 | I24: 50 | J24: 1000 | K24: 500 | L24: 50
A25: GOURMET | B25: Viernes
A26: Marca | B26: Día | C26: Cliente | D26: Producto | E26: Cantidad | F26: INGREDIENTES
C27: MARIA MARCELA SABUCEO | D27: Hamburguesa Gourmet | E27: 20 | F27: Pan Brioche | G27: Hamburguesa Smash | H27: Tomate Laminado | I27: Queso | J27: Lechuga | K27: Cebolla Caramelizada | L27: Ají Verde | M27: Papas Hilo | N27: Salsa Americana | O27: Plato Redondo
F28: 20 | G28: 2000 | H28: 20 | I28: 20 | J28: 400 | K28: 400 | L28: 200 | M28: 200 | N28: 200 | O28: 20
D29: Churrasco Gourmet | E29: 20 | F29: Pan Brioche | G29: Vacuno | H29: Tomate Laminado | I29: Lechuga | J29: Cebolla Caramelizada | K29: Chucrut | L29: Ají Verde | M29: Salsa Americana | N29: Plato Redondo
F30: 20 | G30: 2000 | H30: 20 | I30: 400 | J30: 400 | K30: 200 | L30: 200 | M30: 200 | N30: 20
A31: GOURMET | B31: Viernes
A32: Marca | B32: Día | C32: Cliente | D32: Producto | E32: Cantidad | F32: INGREDIENTES
C33: ALFONSO BELANDRIA | D33: Churrasco Italiano | E33: 50 | F33: Pan Brioche | G33: Vacuno | H33: Tomate Laminado | I33: Palta | J33: Plato Redondo
F34: 50 | G34: 5000 | H34: 50 | I34: 1750 | J34: 50
A35: CAMALEON | B35: Sábado
A36: Marca | B36: Día | C36: Cliente | D36: Producto | E36: Cantidad | F36: INGREDIENTES
C37: MARÍA FERNANDA NOULDON | D37: HotDog Italiano | E37: 40 | F37: Pan Lengua | G37: Salchicha | H37: Tomate Picado | I37: Palta | J37: Porta HotDog
F38: 40 | G38: 40 | H38: 1600 | I38: 1400 | J38: 40
A39: DEL SABOR | B39: Sábado
A40: Marca | B40: Día | C40: Cliente | D40: Producto | E40: Cantidad | F40: INGREDIENTES
C41: DANIEL VALENZUELA | D41: Churrasco Italiano | E41: 90 | F41: Pan Brioche | G41: Vacuno | H41: Tomate Laminado | I41: Palta | J41: Plato Redondo
F42: 90 | G42: 9000 | H42: 90 | I42: 3150 | J42: 90

Sheet Semana 22
A1: CAMALEON | B1: Domingo
A2: Marca | B2: Día | C2: Cliente | D2: Producto | E2: Cantidad | F2: INGREDIENTES
C3: LIDIA SANDOVAL | D3: HotDog Italiano | E3: 60
A5: GOURMET | B5: Lunes
A6: Marca | B6: Día | C6: Cliente | D6: Producto | E6: Cantidad | F6: INGREDIENTES
C7: ALEJANDRA SÁEZ | D7: Hot Dog Italiano | E7: 150 | F7: Pan Lengua | G7: Salchicha | H7: Tomate Picado | I7: Palta | J7: Porta HotDog
F8: 150 | G8: 150 | H8: 6000 | I8: 5250 | J8: 150
A9: GOURMET | B9: Lunes
A10: Marca | B10: Día | C10: Cliente | D10: Producto | E10: Cantidad | F10: INGREDIENTES
C11: PAOLA GODOY | D11: Churrasco Italiano | E11: 350 | F11: Pan Brioche | G11: Vacuno | H11: Tomate Laminado | I11: Palta | J11: Plato Redondo
F12: 350 | G12: 35000 | H12: 350 | I12: 12250 | J12: 350
A13: GOURMET | B13: Martes
A14: Marca | B14: Día | C14: Cliente | D14: Producto | E14: Cantidad | F14: INGREDIENTES
C15: NATALIA AGUILERA | D15: Chocolate Caliente y decoración | E15: 108
D17: Cafe Caliente | E17: 72
D19: Chocolate Caliente y decoración | E19: 69
D21: Cafe Caliente | E21: 46
D23: Montaje | E23: 1
D25: Traslado | E25: 1
A27: GOURMET | B27: Miércoles
A28: Marca | B28: Día | C28: Cliente | D28: Producto | E28: Cantidad | F28: INGREDIENTES
C29: RODRIGO TAPIA | D29: Hot Dog Italiano | E29: 1025 | F29: Pan Lengua | G29: Salchicha | H29: Tomate Picado | I29: Palta | J29: Porta HotDog
F30: 1025 | G30: 1025 | H30: 41000 | I30: 35875 | J30: 1025
D31: Hot Dog Italiano Veggie | E31: 25
A33: GOURMET | B33: Miércoles
A34: Marca | B34: Día | C34: Cliente | D34: Producto | E34: Cantidad | F34: INGREDIENTES
C35: NATALIA AGUILERA | D35: Chocolate Caliente y decoración | E35: 57
D37: Cafe Caliente | E37: 38
A39: GOURMET | B39: Miércoles
A40: Marca | B40: Día | C40: Cliente | D40: Producto | E40: Cantidad | F40: INGREDIENTES
C41: JAVIERA QUIJANO | D41: Hamburguesa Gourmet | E41: 60 | F41: Pan Brioche | G41: Hamburguesa Smash | H41: Tomate Laminado | I41: Queso | J41: Lechuga | K41: Cebolla Caramelizada | L41: Ají Verde | M41: Papas Hilo | N41: Salsa Americana | O41: Plato Redondo
F42: 60 | G42: 6000 | H42: 60 | I42: 60 | J42: 1200 | K42: 1200 | L42: 600 | M42: 600 | N42: 600 | O42: 60
D43: Hamburguesa Italiana | E43: 60 | F43: Pan Brioche | G43: Hamburguesa | H43: Tomate Laminado | I43: Palta | J43: Plato Redondo
F44: 60 | G44: 60 | H44: 60 | I44: 2100 | J44: 60
D45: Hamburguesa Gourmet Veggie | E45: 3
D47: Hamburguesa Clasica Veggie | E47: 3
A49: GOURMET | B49: Miércoles
A50: Marca | B50: Día | C50: Cliente | D50: Producto | E50: Cantidad | F50: INGREDIENTES
C51: PAOLA GODOY | D51: Hot Dog Italiano | E51: 138 | F51: Pan Lengua | G51: Salchicha | H51: Tomate Picado | I51: Palta | J51: Porta HotDog
F52: 138 | G52: 138 | H52: 5520 | I52: 4830 | J52: 138
A53: GOURMET | B53: Jueves
A54: Marca | B54: Día | C54: Cliente | D54: Producto | E54: Cantidad | F54: INGREDIENTES
C55: FRANCISCA HERREROS | D55: Hot Dog Italiano | E55: 80 | F55: Pan Lengua | G55: Salchicha | H55: Tomate Picado | I55: Palta | J55: Porta HotDog
F56: 80 | G56: 80 | H56: 3200 | I56: 2800 | J56: 80
A57: DEL SABOR | B57: Viernes
A58: Marca | B58: Día | C58: Cliente | D58: Producto | E58: Cantidad | F58: INGREDIENTES
C59: TERESA MIRANDA | D59: Burger Clásica | E59: 70
D61: NOT Burger Clásica | E61: 20
A63: EXPRESS | B63: Viernes
A64: Marca | B64: Día | C64: Cliente | D64: Producto | E64: Cantidad | F64: INGREDIENTES
C65: JUAN PABLO DIAZ | D65: Hamburguesas clásicas | E65: 90 | F65: Pan Brioche | G65: Hamburguesa | H65: Tomate Laminado | I65: Queso | J65: Lechuga | K65: Pepinillos | L65: Plato Redondo
F66: 90 | G66: 90 | H66: 90 | I66: 90 | J66: 1800 | K66: 900 | L66: 90
D67: Hamburguesas Clásicas Not Burger | E67: 10
A69: GOURMET | B69: Viernes
A70: Marca | B70: Día | C70: Cliente | D70: Producto | E70: Cantidad | F70: INGREDIENTES
C71: FELIPE OLIVA | D71: Hot Dog Italiano | E71: 40 | F71: Pan Lengua | G71: Salchicha | H71: Tomate Picado | I71: Palta | J71: Porta HotDog
F72: 40 | G72: 40 | H72: 1600 | I72: 1400 | J72: 40
D73: Hot Dog Dinamico | E73: 40
A75: EXPRESS | B75: Viernes
A76: Marca | B76: Día | C76: Cliente | D76: Producto | E76: Cantidad | F76: INGREDIENTES
C77: ALE MC KAY | D77: Bebidas | E77: 25
D79: Bebestibles calientes | E79: 25
A81: GOURMET | B81: Viernes
A82: Marca | B82: Día | C82: Cliente | D82: Producto | E82: Cantidad | F82: INGREDIENTES
C83: NATALIA LAGOS | D83: Hamburguesa Italiana | E83: 50 | F83: Pan Brioche | G83: Hamburguesa | H83: Tomate Laminado | I83: Palta | J83: Plato Redondo
F84: 50 | G84: 50 | H84: 50 | I84: 1750 | J84: 50
D85: Papas Fritas | E85: 60 | F85: Papas Fritas | G85: Estuche Papas Fritas
F86: 9000 | G86: 60
A87: DEL SABOR | B87: Sábado
A88: Marca | B88: Día | C88: Cliente | D88: Producto | E88: Cantidad | F88: INGREDIENTES
C89: JAVIER A. VERGARA | D89: HotDog Italiano | E89: 60
D91: Burger Clásica | E91: 60
D93: Papas Fritas | E93: 60 | F93: Papas Fritas | G93: Estuche Papas Fritas
F94: 9000 | G94: 60
A95: CAMALEON | B95: Sábado
A96: Marca | B96: Día | C96: Cliente | D96: Producto | E96: Cantidad | F96: INGREDIENTES
C97: MARÍA SOL DE CABO | D97: Wraps Mixto Clásico | E97: 50 | F97: Tortilla | G97: Vacuno | H97: Tomate Picado | I97: Palta | J97: Queso | K97: Lechuga | L97: Crema Ácida | M97: Plato Redondo
F98: 50 | G98: 5000 | H98: 1250 | I98: 1250 | J98: 1000 | K98: 1000 | L98: 500 | M98: 50
D99: Lomito Italiano | E99: 50 | F99: Pan Brioche | G99: Cerdo | H99: Tomate Laminado | I99: Palta | J99: Plato Redondo
F100: 50 | G100: 5000 | H100: 50 | I100: 1750 | J100: 50
A101: CAMALEON | B101: Sábado
A102: Marca | B102: Día | C102: Cliente | D102: Producto | E102: Cantidad | F102: INGREDIENTES
C103: DOMINIQUE DUSSAUBAT | D103: Algodón de azúcar | E103: 200 | F103: Palito | G103: Mix Algodón
F104: 200 | G104: 4000
D105: Horas extras | E105: 1
A107: CAMALEON | B107: Sábado
A108: Marca | B108: Día | C108: Cliente | D108: Producto | E108: Cantidad | F108: INGREDIENTES
C109: Catalina Cordoba | D109: Mini HotDog Italiano | E109: 90 | F109: Pan Mini Baguette | G109: Salchicha | H109: Tomate Picado | I109: Palta | J109: Porta HotDog
F110: 90 | G110: 45 | H110: 3600 | I110: 1800 | J110: 90
D111: Mini Burger Italiana | E111: 90 | F111: Pan Amasado Mini | G111: Hamburguesa Smash | H111: Tomate Laminado | I111: Palta | J111: Plato Redondo
F112: 90 | G112: 5400 | H112: 90 | I112: 1800 | J112: 90
D113: Brocheta de fruta | E113: 60 | F113: Brocheta | G113: Salsa Sundae | H113: Plátano | I113: Frutilla | J113: Marshmallow | K113: Plato Redondo
F114: 60 | G114: 600 | H114: 20.4 | I114: 60 | J114: 60 | K114: 60
A115: EXPRESS | B115: Sábado
A116: Marca | B116: Día | C116: Cliente | D116: Producto | E116: Cantidad | F116: INGREDIENTES
C117: JORGE GUERRA | D117: Lomito italiano | E117: 75 | F117: Pan Brioche | G117: Cerdo | H117: Tomate Laminado | I117: Palta | J117: Plato Redondo
F118: 75 | G118: 7500 | H118: 75 | I118: 2625 | J118: 75
D119: Mechada Italiana | E119: 75 | F119: Pan Brioche | G119: Mechada Vacuno | H119: Tomate Laminado | I119: Palta | J119: Plato Redondo
F120: 75 | G120: 7500 | H120: 75 | I120: 2625 | J120: 75
A121: GOURMET | B121: Sábado
...

Sheet Semana 17
B1: Miércoles
A2: Marca | B2: Día | C2: Cliente | D2: Producto | E2: Cantidad | F2: INGREDIENTES
C3: CAMILA BONELLI | D3: Hamburguesa Italiana | E3: 40 | F3: Pan Brioche | G3: Hamburguesa | H3: Tomate Laminado | I3: Palta | J3: Plato Redondo
F4: 40 | G4: 40 | H4: 40 | I4: 1400 | J4: 40
D5: Mini Burger Italiana | E5: 20 | F5: Pan Amasado Mini | G5: Hamburguesa Smash | H5: Tomate Laminado | I5: Palta | J5: Plato Redondo
F6: 20 | G6: 1200 | H6: 20 | I6: 400 | J6: 20
B7: Viernes
A8: Marca | B8: Día | C8: Cliente | D8: Producto | E8: Cantidad | F8: INGREDIENTES
C9: KAREN PIZARRO | D9: As Italiano | E9: 40 | F9: Pan Lengua | G9: Vacuno | H9: Tomate Picado | I9: Palta | J9: Porta HotDog
F10: 40 | G10: 4000 | H10: 1600 | I10: 1400 | J10: 40
D11: Hamburguesa Italiana | E11: 40 | F11: Pan Brioche | G11: Hamburguesa | H11: Tomate Laminado | I11: Palta | J11: Plato Redondo
F12: 40 | G12: 40 | H12: 40 | I12: 1400 | J12: 40
B13: Viernes
A14: Marca | B14: Día | C14: Cliente | D14: Producto | E14: Cantidad | F14: INGREDIENTES
C15: GABRIELA MORALES | D15: HotDog Italiano | E15: 60 | F15: Pan Lengua | G15: Salchicha | H15: Tomate Picado | I15: Palta | J15: Porta HotDog
F16: 60 | G16: 60 | H16: 2400 | I16: 2100 | J16: 60
D17: Churrasco Italiano | E17: 60 | F17: Pan Brioche | G17: Vacuno | H17: Tomate Laminado | I17: Palta | J17: Plato Redondo
F18: 60 | G18: 6000 | H18: 60 | I18: 2100 | J18: 60
B19: Viernes
A20: Marca | B20: Día | C20: Cliente | D20: Producto | E20: Cantidad | F20: INGREDIENTES
C21: LEO GRANDON | D21: Churrasco Italiano | E21: 50 | F21: Pan Brioche | G21: Vacuno | H21: Tomate Laminado | I21: Palta | J21: Plato Redondo
F22: 50 | G22: 5000 | H22: 50 | I22: 1750 | J22: 50
B23: Viernes
A24: Marca | B24: Día | C24: Cliente | D24: Producto | E24: Cantidad | F24: INGREDIENTES
C25: CAROLINA FUENTES | D25: Hamburguesa Italiana | E25: 432 | F25: Pan Brioche | G25: Hamburguesa | H25: Tomate Laminado | I25: Palta | J25: Plato Redondo
F26: 432 | G26: 432 | H26: 432 | I26: 15120 | J26: 432
B27: Sábado
A28: Marca | B28: Día | C28: Cliente | D28: Producto | E28: Cantidad | F28: INGREDIENTES
C29: CRISTIAN MARCHANT | D29: HotDog Italiano | E29: 150 | F29: Pan Lengua | G29: Salchicha | H29: Tomate Picado | I29: Palta | J29: Porta HotDog
F30: 150 | G30: 150 | H30: 6000 | I30: 5250 | J30: 150
D31: Bebida en lata | E31: 200 | F31: Bebida
F32: 200
D33: Liquidos Calientes | E33: 100
D35: Agua | E35: 150
D37: Algodón de azúcar | E37: 60 | F37: Palito | G37: Mix Algodón
F38: 60 | G38: 1200
D39: 1 operador extra | E39: 1
B41: Sábado
A42: Marca | B42: Día | C42: Cliente | D42: Producto | E42: Cantidad | F42: INGREDIENTES
C43: CAROLINA LOPEZ | D43: Hamburguesas Italianas | E43: 50

Sheet Productos
A1: PRODUCTO | B1: Base | C1: Cant. | D1: Proteína | E1: grs prot | F1: Tomate | G1: grs tomate | H1: Palta | I1: Grs Palta | J1: Queso | K1: Cant./Grs Queso | L1: Lechuga | M1: Grs Lechuga | N1: Cebolla Caramelizada | O1: Grs Cebolla Caramelizada | P1: Crema Ácida | Q1: CC Crema Ácida | R1: Champiñon | S1: Grs Champiñon | T1: BBQ | U1: CC BBQ | V1: Salsa Verde | W1: Grs Salsa Verde | X1: Chucrut | Y1: Grs Chucrut | Z1: Ají Verde | AA1: Grs Ají Verde | AB1: Papas Hilo | AC1: Grs Papas Hilo | AD1: Salsa Americana | AE1: Grs Salsa Americana | AF1: Poroto Negro | AG1: Grs Poroto Negro | AH1: Cebolla Morada | AI1: Grs Cebolla Morada | AJ1: Pepinillos | AK1: Grs Pepinillos | AL1: Pimentón Salteado | AM1: Grs Pimentón Salteado | AN1: Tocino | AO1: Cant. Tocino | AP1: Base helado | AQ1: ML Base helado | AR1: Salsa sundae | AS1: ML Salsa sundae | AT1: Mix granizado | AU1: Grs Mix granizado | AV1: Azúcar | AW1: Grs Azúcar | AX1: Maíz | AY1: Grs Maíz | AZ1: Aceite | BA1: ML Aceite | BB1: Mix Algodón | BC1: Grs Mix Algodón | BD1: Plátano | BE1: Cant. Plátano | BF1: Frutilla | BG1: Cant. Frutilla | BH1: Marshmallow | BI1: Cant. Marshmallow | BJ1: Azúcar flor | BK1: Grs Azúcar flor | BL1: Porta HotDog | BM1: Cant Porta HotDog | BN1: Plato Redondo | BO1: Cant Plato Redondo | BP1: Saco Blanco | BQ1: Cant. Saco Blanco | BR1: Estuche Papas Fritas | BS1: Cant. Estuche Papas Fritas
A2: Agua mineral | B2: Agua Mineral | C2: 1
A3: Algodón de azúcar | B3: Palito | C3: 1 | BB3: Mix Algodón | BC3: 20
A4: As Camaleón | B4: Pan Lengua | C4: 1 | D4: Vacuno | E4: 100 | F4: Tomate Picado | G4: 40 | H4: Palta | I4: 35 | N4: Cebolla Caramelizada | O4: 20 | AB4: Papas Hilo | AC4: 20 | BL4: Porta HotDog | BM4: 1
A5: As Del Sabor | B5: Pan Lengua | C5: 1 | D5: Vacuno | E5: 100 | F5: Tomate Picado | G5: 40 | H5: Palta | I5: 35 | J5: Queso | K5: 1 | N5: Cebolla Caramelizada | O5: 20 | AB5: Papas Hilo | AC5: 20 | BL5: Porta HotDog | BM5: 1
A6: As Gourmet | B6: Pan Lengua | C6: 1 | D6: Vacuno | E6: 100 | J6: Queso | K6: 1 | N6: Cebolla Caramelizada | O6: 20 | R6: Champiñon | S6: 20 | T6: BBQ | U6: 30 | BL6: Porta HotDog | BM6: 1
A7: As Gourmet XL | B7: Flauta 23Cms | C7: 1 | D7: Vacuno | E7: 150 | J7: Queso | N7: Cebolla Caramelizada | O7: 40 | R7: Champiñon | S7: 40 | T7: BBQ | U7: 30 | BL7: Porta HotDog | BM7: 1
A8: As Italiano | B8: Pan Lengua | C8: 1 | D8: Vacuno | E8: 100 | F8: Tomate Picado | G8: 40 | H8: Palta | I8: 35 | BL8: Porta HotDog | BM8: 1
A9: As Italiano XL | B9: Flauta 23Cms | C9: 1 | D9: Vacuno | E9: 150 | F9: Tomate Picado | G9: 50 | H9: Palta | I9: 50 | BL9: Porta HotDog | BM9: 1
A10: As Luco | B10: Pan Lengua | C10: 1 | D10: Vacuno | E10: 100 | J10: Queso | K10: 1 | BL10: Porta HotDog | BM10: 1
A11: As Luco XL | B11: Flauta 23Cms | C11: 1 | D11: Vacuno | E11: 150 | J11: Queso | K11: 2 | BL11: Porta HotDog | BM11: 1
A12: Bebida en lata | B12: Bebida | C12: 1
A13: Branding Carro Clásico | B13: Gráfica carro clásico | C13: 1
A14: Brocheta de fruta | B14: Brocheta | C14: 1 | AR14: Salsa Sundae | AS14: 10 | BD14: Plátano | BE14: 0.34 | BF14: Frutilla | BG14: 1 | BH14: Marshmallow | BI14: 1 | BN14: Plato Redondo | BO14: 1
A15: Café | B15: Café | C15: 1
A16: Churrasco Camaleón | B16: Pan Brioche | C16: 1 | D16: Vacuno | E16: 100 | F16: Tomate Laminado | G16: 1 | H16: Palta | I16: 35 | J16: Queso | K16: 1 | N16: Cebolla Caramelizada | O16: 20 | BN16: Plato Redondo | BO16: 1
A17: Churrasco Clásico | B17: Pan Brioche | C17: 1 | D17: Vacuno | E17: 100 | F17: Tomate Laminado | G17: 1 | J17: Queso | K17: 1 | L17: Lechuga | M17: 20 | AH17: Cebolla Morada | AI17: 2 | AJ17: Pepinillos | AK17: 10 | BN17: Plato Redondo | BO17: 1
A18: Churrasco de pollo italiano | B18: Pan Brioche | C18: 1 | D18: Escalopin de ave | E18: 100 | F18: Tomate Laminado | G18: 1 | H18: Palta | I18: 35 | BN18: Plato Redondo | BO18: 1
A19: Churrasco Del Sabor | B19: Pan Brioche | C19: 1 | D19: Vacuno | E19: 100 | F19: Tomate Laminado | G19: 1 | J19: Queso | K19: 1 | L19: Lechuga | M19: 20 | N19: Cebolla Caramelizada | O19: 20 | AB19: Papas Hilo | AC19: 10 | AL19: Pimentón Salteado | AM19: 20 | BN19: Plato Redondo | BO19: 1
A20: Churrasco Gourmet | B20: Pan Brioche | C20: 1 | D20: Vacuno | E20: 100 | F20: Tomate Laminado | G20: 1 | L20: Lechuga | M20: 20 | N20: Cebolla Caramelizada | O20: 20 | X20: Chucrut | Y20: 10 | Z20: Ají Verde | AA20: 10 | AD20: Salsa Americana | AE20: 10 | BN20: Plato Redondo | BO20: 1
A21: Churrasco Italiano | B21: Pan Brioche | C21: 1 | D21: Vacuno | E21: 100 | F21: Tomate Laminado | G21: 1 | H21: Palta | I21: 35 | BN21: Plato Redondo | BO21: 1
A22: Churrasco Luco | B22: Pan Brioche | C22: 1 | D22: Vacuno | E22: 100 | J22: Queso | K22: 1 | BN22: Plato Redondo | BO22: 1
A23: Churros españoles | B23: Churro Español | C23: 2 | BJ23: Azúcar flor | BK23: 8 | BP23: Saco Blanco | BQ23: 1
A24: Churros Rellenos | B24: Churro Relleno | C24: 1 | BJ24: Azúcar flor | BK24: 8 | BP24: Saco Blanco | BQ24: 1
A25: Crepes | B25: Crepes | C25: 1
A26: Donuts | B26: Donuts | C26: 1 | BN26: Plato Redondo | BO26: 1
A27: Empanada | B27: Empanada | C27: 1
A28: Empanadas cóctel | B28: Empanadas cóctel | C28: 3 | BN28: Plato Redondo | BO28: 1
A29: Granizado | B29: Vaso 330cc | C29: 1 | AT29: Mix granizado | AU29: 30
A30: Hamburguesa Camaleón vegetariana | B30: Pan Brioche | C30: 1 | D30: Not Burger | E30: 1 | F30: Tomate Laminado | G30: 1 | H30: Palta | I30: 35 | J30: Queso | K30: 1 | N30: Cebolla Caramelizada | O30: 20 | BN30: Plato Redondo | BO30: 1
A31: Hamburguesa Clásica | B31: Pan Brioche | C31: 1 | D31: Hamburguesa | E31: 1 | F31: Tomate Laminado | G31: 1 | J31: Queso | K31: 1 | L31: Lechuga | M31: 20 | AJ31: Pepinillos | AK31: 10 | BN31: Plato Redondo | BO31: 1
A32: Burger Clásica | B32: Pan Brioche | C32: 1 | D32: Hamburguesa | E32: 1 | F32: Tomate Laminado | G32: 1 | J32: Queso | K32: 1 | L32: Lechuga | M32: 20 | AH32: Cebolla Morada | AI32: 2 | AJ32: Pepinillos | AK32: 10 | BN32: Plato Redondo | BO32: 1
A33: Hamburguesa clásica vegetariana | B33: Pan Brioche | C33: 1 | D33: Not Burger | E33: 1 | F33: Tomate Laminado | G33: 1 | J33: Queso | K33: 1 | L33: Lechuga | M33: 20 | AJ33: Pepinillos | AK33: 10 | BN33: Plato Redondo | BO33: 1
A34: Hamburguesa Del Sabor | B34: Pan Brioche | C34: 1 | D34: Hamburguesa | E34: 1 | F34: Tomate Laminado | G34: 1 | J34: Queso | K34: 1 | L34: Lechuga | M34: 20 | N34: Cebolla Caramelizada | O34: 20 | AB34: Papas Hilo | AC34: 10 | AL34: Pimentón Salteado | AM34: 20 | BN34: Plato Redondo | BO34: 1
A35: Hamburguesa Del Sabor | B35: Pan Brioche | C35: 1 | D35: Not Burger | E35: 1 | F35: Tomate Laminado | G35: 1 | J35: Queso | K35: 1 | L35: Lechuga | M35: 20 | N35: Cebolla Caramelizada | O35: 20 | AB35: Papas Hilo | AC35: 10 | AL35: Pimentón Salteado | AM35: 20 | BN35: Plato Redondo | BO35: 1
A36: Hamburguesa Gourmet | B36: Pan Brioche | C36: 1 | D36: Hamburguesa Smash | E36: 100 | F36: Tomate Laminado | G36: 1 | J36: Queso | K36: 1 | L36: Lechuga | M36: 20 | N36: Cebolla Caramelizada | O36: 20 | Z36: Ají Verde | AA36: 10 | AB36: Papas Hilo | AC36: 10 | AD36: Salsa Americana | AE36: 10 | BN36: Plato Redondo | BO36: 1
A37: Hamburguesa Gourmet vegetariana | B37: Pan Brioche | C37: 1 | D37: Not Burger | E37: 100 | F37: Tomate Laminado | G37: 1 | J37: Queso | K37: 1 | L37: Lechuga | M37: 20 | N37: Cebolla Caramelizada | O37: 20 | Z37: Ají Verde | AA37: 10 | AB37: Papas Hilo | AC37: 10 | AD37: Salsa Americana | AE37: 10 | BN37: Plato Redondo | BO37: 1
A38: Burger Italiana | B38: Pan Brioche | C38: 1 | D38: Hamburguesa | E38: 1 | F38: Tomate Laminado | G38: 1 | H38: Palta | I38: 35 | AA38: Hamburguesa Italiana | BN38: Plato Redondo | BO38: 1
A39: Hamburguesa Italiana | B39: Pan Brioche | C39: 1 | D39: Hamburguesa | E39: 1 | F39: Tomate Laminado | G39: 1 | H39: Palta | I39: 35 | BN39: Plato Redondo | BO39: 1
A40: Hamburguesa Italiana Camaleón | B40: Pan Brioche | C40: 1 | D40: Hamburguesa | E40: 1 | F40: Tomate Laminado | G40: 1 | H40: Palta | I40: 35 | J40: Queso | K40: 1 | N40: Cebolla Caramelizada | O40: 20 | BN40: Plato Redondo | BO40: 1
A41: Hamburguesa Italiana vegetariana | B41: Pan Brioche | C41: 1 | D41: Not Burger | E41: 1 | F41: Tomate Laminado | G41: 1 | H41: Palta | I41: 35 | BN41: Plato Redondo | BO41: 1
A42: Hamburguesa Tejana Camaleón | B42: Pan Brioche | C42: 1 | D42: Hamburguesa | E42: 1 | J42: Queso | K42: 1 | BN42: Plato Redondo | BO42: 1
A43: Hamburguesa Tejana vegetariana | B43: Pan Brioche | C43: 1 | D43: Not Burger | E43: 1 | J43: Queso | K43: 1 | T43: BBQ | U43: 30 | AN43: x | BN43: Plato Redondo | BO43: 1
A44: Helado Soft | B44: Barquillo | C44: 1 | AP44: Base helado | AQ44: 100
A45: Helado Sundae | B45: Vaso Sundae | C45: 1 | AP45: Base helado | AQ45: 100 | AR45: Salsa Sundae | AS45: 10
A46: Hora extra por operador | B46: Hora Extra | C46: 1
A47: Hot Dog | B47: Pan Lengua | C47: 1 | D47: Salchicha | E47: 1
A48: Hot Dog Camaleón | B48: Pan Lengua | C48: 1 | D48: Salchicha | E48: 1 | F48: Tomate Picado | G48: 40 | H48: Palta | I48: 35 | N48: Cebolla Caramelizada | O48: 20 | AB48: Papas Hilo | AC48: 10 | BL48: Porta HotDog | BM48: 1
A49: Hot Dog Camaleón vegetariano | B49: Pan Lengua | C49: 1 | D49: Salchicha Veggie | E49: 1 | F49: Tomate Picado | G49: 40 | H49: Palta | I49: 35 | N49: Cebolla Caramelizada | O49: 20 | AB49: Papas Hilo | AC49: 10 | BL49: Porta HotDog | BM49: 1
A50: Hot Dog Completo | B50: Pan Lengua | C50: 1 | D50: Salchicha | E50: 1 | F50: Tomate Picado | G50: 40 | V50: Salsa Verde | W50: 10 | Z50: Ají Verde | AA50: 10 | BL50: Porta HotDog | BM50: 1
A51: Hot Dog Completo vegetariano | B51: Pan Lengua | C51: 1 | D51: Salchicha Veggie | E51: 1 | F51: Tomate Picado | G51: 40 | V51: Salsa Verde | W51: 10 | Z51: Ají Verde | AA51: 10 | BL51: Porta HotDog | BM51: 1
A52: Hot Dog Del Sabor | B52: Pan Lengua | C52: 1 | D52: Salchicha | E52: 1 | F52: Tomate Picado | G52: 40 | H52: Palta | I52: 35 | N52: Cebolla Caramelizada | O52: 20 | AB52: Papas Hilo | AC52: 10 | BL52: Porta HotDog | BM52: 1
A53: Hot Dog Del Sabor vegetariano | B53: Pan Lengua | C53: 1 | D53: Salchicha Veggie | E53: 1 | F53: Tomate Picado | G53: 40 | H53: Palta | I53: 35 | N53: Cebolla Caramelizada | O53: 20 | AB53: Papas Hilo | AC53: 10 | BL53: Porta HotDog | BM53: 1
A54: Hot Dog Dinámico | B54: Pan Lengua | C54: 1 | D54: Salchicha | E54: 1 | F54: Tomate Picado | G54: 40 | V54: Salsa Verde | W54: 10 | X54: Chucrut | Y54: 10 | AD54: Salsa Americana | AE54: 10 | BL54: Porta HotDog | BM54: 1
A55: Hot Dog Dinámico vegetariano | B55: Pan Lengua | C55: 1 | D55: Salchicha Veggie | E55: 1.5 | F55: Tomate Picado | G55: 40 | V55: Salsa Verde | W55: 10 | X55: Chucrut | Y55: 10 | AD55: Salsa Americana | AE55: 10 | BL55: Porta HotDog | BM55: 1
A56: Hot Dog Dinámico XL | B56: Flauta 23Cms | C56: 1 | D56: Salchicha XL | E56: 1 | F56: Tomate Picado | G56: 50 | V56: Salsa Verde | W56: 15 | X56: Cucrhut | Y56: 15 | AD56: Salsa Americana | AE56: 15
A57: Hot Dog Dinámico XL vegetariano | B57: Flauta 23Cms | C57: 1 | D57: Salchicha Veggie | E57: 1.5 | F57: Tomate Picado | G57: 50 | V57: Salsa Verde | W57: 15 | X57: Cucrhut | Y57: 15 | AD57: Salsa Americana | AE57: 15
A58: Hot Dog Gourmet | B58: Pan Lengua | C58: 1 | D58: Salchicha | E58: 1 | J58: Queso | K58: 1 | N58: Cebolla Caramelizada | O58: 20 | R58: Champiñon | S58: 20 | T58: BBQ | U58: 20 | BL58: Porta HotDog | BM58: 1
A59: Hot Dog Gourmet vegetariano | B59: Pan Lengua | C59: 1 | D59: Salchicha Veggie | E59: 1 | J59: Queso | K59: 1 | N59: Cebolla Caramelizada | O59: 20 | R59: Champiñon | S59: 20 | T59: BBQ | U59: 20 | BL59: Porta HotDog | BM59: 1
A60: Hot Dog Gourmet XL | B60: Flauta 23Cms | C60: 1 | D60: Salchicha XL | E60: 1 | J60: Queso | K60: 1.5 | N60: Cebolla Caramelizada | O60: 40 | R60: Champiñon | S60: 30 | T60: BBQ | U60: 30
A61: Hot Dog Gourmet XL vegetariano | B61: Flauta 23Cms | C61: 1 | D61: Salchicha Veggie | E61: 1.5 | J61: Queso | K61: 1.5 | N61: Cebolla Caramelizada | O61: 40 | R61: Champiñon | S61: 30 | T61: BBQ | U61: 30
A62: HotDog Italiano | B62: Pan Lengua | C62: 1 | D62: Salchicha | E62: 1 | F62: Tomate Picado | G62: 40 | H62: Palta | I62: 35 | BL62: Porta HotDog | BM62: 1
A63: HotDog Italiano Vegetariano | B63: Pan Lengua | C63: 1 | D63: Salchicha Veggie | E63: 1 | F63: Tomate Picado | G63: 40 | H63: Palta | I63: 35 | BL63: Porta HotDog | BM63: 1
A64: Hot Dog Italiano XL | B64: Flauta 23Cms | C64: 1 | D64: Salchicha XL | E64: 1 | F64: Tomate Picado | G64: 50 | H64: Palta | I64: 50
A65: Hot Dog Italiano XL vegetariano | B65: Flauta 23Cms | C65: 1 | D65: Salchicha Veggie | E65: 1.5 | F65: Tomate Picado | G65: 50 | H65: Palta | I65: 50
A66: Hot Dog vegetariano | B66: Pan Lengua | C66: 1 | D66: Salchicha Veggie | E66: 1
A67: Jugo en lata | B67: Jugo | C67: 1
A68: Lomito Camaleón | B68: Pan Brioche | C68: 1 | D68: Cerdo | E68: 100 | F68: Tomate Laminado | G68: 1 | H68: Palta | I68: 35 | J68: Queso | K68: 1 | N68: Cebolla Caramelizada | O68: 20 | BN68: Plato Redondo | BO68: 1
A69: Lomito Clásico | B69: Pan Brioche | C69: 1 | D69: Cerdo | E69: 100 | F69: Tomate Laminado | G69: 1 | J69: Queso | K69: 1 | L69: Lechuga | M69: 20 | AH69: Cebolla Morada | AI69: 2 | AJ69: Pepinillos | AK69: 10 | BN69: Plato Redondo | BO69: 1
A70: Lomito Del Sabor | B70: Pan Brioche | C70: 1 | D70: Cerdo | E70: 100 | F70: Tomate Laminado | G70: 1 | J70: Queso | K70: 1 | L70: Lechuga | M70: 20 | N70: Cebolla Caramelizada | O70: 20 | AB70: Papas Hilo | AC70: 10 | AL70: Pi,emtom Salteado | AM70: 20 | BN70: Plato Redondo | BO70: 1
A71: Lomito Gourmet | B71: Pan Brioche | C71: 1 | D71: Cerdo | E71: 100 | J71: Queso | K71: 1 | N71: Cebolla Caramelizada | O71: 20 | R71: Champiñon | S71: 20 | T71: BBQ | U71: 20 | BN71: Plato Redondo | BO71: 1
A72: Lomito Italiano | B72: Pan Brioche | C72: 1 | D72: Cerdo | E72: 100 | F72: Tomate Laminado | G72: 1 | H72: Palta | I72: 35 | BN72: Plato Redondo | BO72: 1
A73: Lomito Luco | B73: Pan Brioche | C73: 1 | D73: Cerdo | E73: 100 | J73: Queso | K73: 1 | BN73: Plato Redondo | BO73: 1
A74: Mechada Clásica | B74: Pan Brioche | C74: 1 | D74: Mechada Vacuno | E74: 100 | F74: Tomate Laminado | G74: 1 | J74: Queso | K74: 1 | L74: Lechuga | M74: 20 | AH74: Cebolla Morada | AI74: 2 | AJ74: Pepinillos | AK74: 10 | BN74: Plato Redondo | BO74: 1
A75: Mechada Del Sabor | B75: Pan Brioche | C75: 1 | D75: Mechada Vacuno | E75: 100 | F75: Tomate Laminado | G75: 1 | J75: Queso | K75: 1 | L75: Lechuga | M75: 20 | N75: Cebolla Caramelizada | O75: 20 | AB75: Papas Hilo | AC75: 10 | AL75: Pimentón Salteado | AM75: 20 | BN75: Plato Redondo | BO75: 1
A76: Mechada Gourmet | B76: Pan Brioche | C76: 1 | D76: Mechada Vacuno | E76: 100 | F76: Tomate Laminado | G76: 1 | H76: Palta | I76: 35 | N76: Cebolla Caramelizada | O76: 20 | Z76: Ají Verde | AA76: 10 | AD76: Salsa Americana | AE76: 10 | BN76: Plato Redondo | BO76: 1
A77: Mechada Italiana | B77: Pan Brioche | C77: 1 | D77: Mechada Vacuno | E77: 100 | F77: Tomate Laminado | G77: 1 | H77: Palta | I77: 35 | BN77: Plato Redondo | BO77: 1
A78: Mechada Italiana Camaleón | B78: Pan Brioche | C78: 1 | D78: Mechada Vacuno | E78: 100 | F78: Tomate Laminado | G78: 1 | H78: Palta | I78: 35 | J78: Queso | K78: 1 | N78: Cebolla Caramelizada | O78: 20 | BN78: Plato Redondo | BO78: 1
A79: Mechada Luco | B79: Pan Brioche | C79: 1 | D79: Mechada Vacuno | E79: 100 | J79: Queso | K79: 1 | BN79: Plato Redondo | BO79: 1
A80: Medialuna | B80: Medialuna | C80: 1 | BN80: Plato Redondo | BO80: 1
A81: Mini As Italiano | B81: Pan Lengua Mini | C81: 1 | D81: Vacuno | E81: 50 | F81: Tomate Picado | G81: 20 | H81: Palta | I81: 20 | BL81: Porta HotDog | BM81: 1
A82: Mini As Luco | B82: Pan Mini Baguette | C82: 1 | D82: Vacuno | E82: 50 | J82: Queso | K82: 0.5 | BL82: Porta HotDog | BM82: 1
A83: Mini Burger Clásica | B83: Pan Amasado Mini | C83: 1 | D83: Hamburguesa Smash | E83: 60 | F83: Tomate Laminado | G83: 1 | J83: Queso | K83: 0.5 | L83: Lechuga | M83: 10 | BN83: Plato Redondo | BO83: 1
A84: Mini Burger Italiana | B84: Pan Amasado Mini | C84: 1 | D84: Hamburguesa Smash | E84: 60 | F84: Tomate Laminado | G84: 1 | H84: Palta | I84: 20 | BN84: Plato Redondo | BO84: 1
A85: Mini CheeseBurger | B85: Pan Amasado Mini | C85: 1 | D85: Hamburguesa Smash | E85: 60 | J85: Queso | K85: 0.5 | BN85: Plato Redondo | BO85: 1
A86: Mini Churrasco Especial | B86: Pan Amasado Mini | C86: 1 | D86: Vacuno | E86: 50 | J86: Queso | K86: 0.5 | N86: Cebolla Caramelizada | O86: 10 | T86: BBQ | U86: 30 | BN86: Plato Redondo | BO86: 1
A87: Mini Churrasco Italiano | B87: Pan Amasado Mini | C87: 1 | D87: Vacuno | E87: 50 | F87: Tomate Laminado | G87: 1 | H87: Palta | I87: 20 | BN87: Plato Redondo | BO87: 1
A88: Mini HotDog Italiano | B88: Pan Mini Baguette | C88: 1 | D88: Salchicha | E88: 0.5 | F88: Tomate Picado | G88: 40 | H88: Palta | I88: 20 | BL88: Porta HotDog | BM88: 1
A89: Mini Lomito Especial | B89: Pan Mini Baguette | C89: 1 | D89: Cerdo | E89: 50 | J89: Queso | K89: 0.5 | N89: Cebolla Caramelizada | O89: 10 | T89: BBQ | U89: 30 | BN89: Plato Redondo | BO89: 1
A90: Mini Lomito Italiano | B90: Pan Amasado Mini | C90: 1 | D90: Cerdo | E90: 50 | F90: Tomate Laminado | G90: 1 | H90: Palta | I90: 20 | BN90: Plato Redondo | BO90: 1
A91: Mini Mechada Especial | B91: Pan Mini Baguette | C91: 1 | D91: Vacuno | E91: 50 | J91: Queso | K91: 0.5 | N91: Cebolla Caramelizada | O91: 10 | T91: BBQ | U91: 30 | BN91: Plato Redondo | BO91: 1
A92: Mini Mechada Italiana | B92: Pan Amasado Mini | C92: 1 | D92: Mechada Vacuno | E92: 50 | F92: Tomate Laminado | G92: 1 | H92: Palta | I92: 20 | BN92: Plato Redondo | BO92: 1
A93: Muffin | B93: Muffin | C93: 1
A94: NOTburger italiana | B94: Pan Brioche | C94: 1 | D94: NOT burger | E94: 100 | F94: Tomate Laminado | G94: 1 | H94: Palta | I94: 35
A95: Nuggets | B95: Nuggets | C95: 3 | BN95: Plato Redondo | BO95: 1
A96: Operador Extra | B96: Operador | C96: 1
A97: Papas Fritas | B97: Papas Fritas | C97: 150 | BR97: Estuche Papas Fritas | BS97: 1
A98: Pizza Jamón queso | B98: Pizza Jamón queso | C98: 1 | BN98: Plato Redondo | BO98: 1
A99: Pizza Pepperoni | B99: Pizza Pepperoni | C99: 1 | BN99: Plato Redondo | BO99: 1
A100: Pizza Veggie | B100: Pizza Veggie | C100: 1 | BN100: Plato Redondo | BO100: 1
...

Sheet DATOS
A1: NUM SEMANA
A2: 1
A3: 2
A4: 3
A5: 4
A6: 5
A7: 6
A8: 7
A9: 8
A10: 9
A11: 10
A12: 11
A13: 12
... A53: 52

Sheet Hoja 6
A2: Ají Verde | B2: Ají Verde | L2: {=UNIQUE(A2:A969)} -> Ají Verde | M2: =IFERROR(VLOOKUP($L2,$A:$K,2,""),"") -> Ají Verde | N2: =IFERROR(VLOOKUP($L2,$A:$K,3,""),"") | O2: =IFERROR(VLOOKUP($L2,$A:$K,4,""),"") | P2: =IFERROR(VLOOKUP($L2,$A:$K,5,""),"") | Q2: =IFERROR(VLOOKUP($L2,$A:$K,6,""),"") | R2: =IFERROR(VLOOKUP($L2,$A:$K,7,""),"") | S2: =IFERROR(VLOOKUP($L2,$A:$K,8,""),"") | T2: =IFERROR(VLOOKUP($L2,$A:$K,9,""),"") | U2: =IFERROR(VLOOKUP($L2,$A:$K,10,""),"")
A3: Ají Verde | B3: Ají Verde | L3: Algodón de azúcar | M3: =IFERROR(VLOOKUP($L3,$A:$K,2,""),"") -> Palito | N3: =IFERROR(VLOOKUP($L3,$A:$K,3,""),"") -> Mix Algodón | O3: =IFERROR(VLOOKUP($L3,$A:$K,4,""),"") | P3: =IFERROR(VLOOKUP($L3,$A:$K,5,""),"") | Q3: =IFERROR(VLOOKUP($L3,$A:$K,6,""),"") | R3: =IFERROR(VLOOKUP($L3,$A:$K,7,""),"") | S3: =IFERROR(VLOOKUP($L3,$A:$K,8,""),"") | T3: =IFERROR(VLOOKUP($L3,$A:$K,9,""),"") | U3: =IFERROR(VLOOKUP($L3,$A:$K,10,""),"")
A4: Ají Verde | B4: Ají Verde | L4: As Camaleón | M4: =IFERROR(VLOOKUP($L4,$A:$K,2,""),"") -> Pan Lengua | N4: =IFERROR(VLOOKUP($L4,$A:$K,3,""),"") -> Vacuno | O4: =IFERROR(VLOOKUP($L4,$A:$K,4,""),"") -> Tomate Picado | P4: =IFERROR(VLOOKUP($L4,$A:$K,5,""),"") -> Palta | Q4: =IFERROR(VLOOKUP($L4,$A:$K,6,""),"") -> Cebolla Caramelizada | R4: =IFERROR(VLOOKUP($L4,$A:$K,7,""),"") -> Papas Hilo | S4: =IFERROR(VLOOKUP($L4,$A:$K,8,""),"") -> Porta HotDog | T4: =IFERROR(VLOOKUP($L4,$A:$K,9,""),"") | U4: =IFERROR(VLOOKUP($L4,$A:$K,10,""),"")
A5: Ají Verde | B5: Ají Verde | L5: As Del Sabor | M5: =IFERROR(VLOOKUP($L5,$A:$K,2,""),"") -> Pan Lengua | N5: =IFERROR(VLOOKUP($L5,$A:$K,3,""),"") -> Vacuno | O5: =IFERROR(VLOOKUP($L5,$A:$K,4,""),"") -> Tomate Picado | P5: =IFERROR(VLOOKUP($L5,$A:$K,5,""),"") -> Palta | Q5: =IFERROR(VLOOKUP($L5,$A:$K,6,""),"") -> Queso | R5: =IFERROR(VLOOKUP($L5,$A:$K,7,""),"") -> Cebolla Caramelizada | S5: =IFERROR(VLOOKUP($L5,$A:$K,8,""),"") -> Papas Hilo | T5: =IFERROR(VLOOKUP($L5,$A:$K,9,""),"") -> Porta HotDog | U5: =IFERROR(VLOOKUP($L5,$A:$K,10,""),"")
A6: Algodón de azúcar | B6: Palito | C6: Mix Algodón | L6: As Gourmet | M6: =IFERROR(VLOOKUP($L6,$A:$K,2,""),"") -> Pan Lengua | N6: =IFERROR(VLOOKUP($L6,$A:$K,3,""),"") -> Vacuno | O6: =IFERROR(VLOOKUP($L6,$A:$K,4,""),"") -> Queso | P6: =IFERROR(VLOOKUP($L6,$A:$K,5,""),"") -> Cebolla Caramelizada | Q6: =IFERROR(VLOOKUP($L6,$A:$K,6,""),"") -> Champiñon | R6: =IFERROR(VLOOKUP($L6,$A:$K,7,""),"") -> BBQ | S6: =IFERROR(VLOOKUP($L6,$A:$K,8,""),"") -> Porta HotDog | T6: =IFERROR(VLOOKUP($L6,$A:$K,9,""),"") | U6: =IFERROR(VLOOKUP($L6,$A:$K,10,""),"")
A7: Algodón de azúcar | B7: Palito | C7: Mix Algodón | L7: As Gourmet XL | M7: =IFERROR(VLOOKUP($L7,$A:$K,2,""),"") -> Flauta 23Cms | N7: =IFERROR(VLOOKUP($L7,$A:$K,3,""),"") -> Vacuno | O7: =IFERROR(VLOOKUP($L7,$A:$K,4,""),"") -> Queso | P7: =IFERROR(VLOOKUP($L7,$A:$K,5,""),"") -> Cebolla Caramelizada | Q7: =IFERROR(VLOOKUP($L7,$A:$K,6,""),"") -> Champiñon | R7: =IFERROR(VLOOKUP($L7,$A:$K,7,""),"") -> BBQ | S7: =IFERROR(VLOOKUP($L7,$A:$K,8,""),"") -> Porta HotDog | T7: =IFERROR(VLOOKUP($L7,$A:$K,9,""),"") | U7: =IFERROR(VLOOKUP($L7,$A:$K,10,""),"")
A8: Algodón de azúcar | B8: Palito | C8: Mix Algodón | L8: As Italiano | M8: =IFERROR(VLOOKUP($L8,$A:$K,2,""),"") -> Pan Lengua | N8: =IFERROR(VLOOKUP($L8,$A:$K,3,""),"") -> Vacuno | O8: =IFERROR(VLOOKUP($L8,$A:$K,4,""),"") -> Tomate Picado | P8: =IFERROR(VLOOKUP($L8,$A:$K,5,""),"") -> Palta | Q8: =IFERROR(VLOOKUP($L8,$A:$K,6,""),"") -> Porta HotDog | R8: =IFERROR(VLOOKUP($L8,$A:$K,7,""),"") | S8: =IFERROR(VLOOKUP($L8,$A:$K,8,""),"") | T8: =IFERROR(VLOOKUP($L8,$A:$K,9,""),"") | U8: =IFERROR(VLOOKUP($L8,$A:$K,10,""),"")
A9: Algodón de azúcar | B9: Palito | C9: Mix Algodón | L9: As Italiano XL | M9: =IFERROR(VLOOKUP($L9,$A:$K,2,""),"") -> Flauta 23Cms | N9: =IFERROR(VLOOKUP($L9,$A:$K,3,""),"") -> Vacuno | O9: =IFERROR(VLOOKUP($L9,$A:$K,4,""),"") -> Tomate Picado | P9: =IFERROR(VLOOKUP($L9,$A:$K,5,""),"") -> Palta | Q9: =IFERROR(VLOOKUP($L9,$A:$K,6,""),"") -> Porta HotDog | R9: =IFERROR(VLOOKUP($L9,$A:$K,7,""),"") | S9: =IFERROR(VLOOKUP($L9,$A:$K,8,""),"") | T9: =IFERROR(VLOOKUP($L9,$A:$K,9,""),"") | U9: =IFERROR(VLOOKUP($L9,$A:$K,10,""),"")
A10: As Camaleón | B10: Pan Lengua | C10: Vacuno | D10: Tomate Picado | E10: Palta | F10: Cebolla Caramelizada | G10: Papas Hilo | H10: Porta HotDog | L10: As Luco | M10: =IFERROR(VLOOKUP($L10,$A:$K,2,""),"") -> Pan Lengua | N10: =IFERROR(VLOOKUP($L10,$A:$K,3,""),"") -> Vacuno | O10: =IFERROR(VLOOKUP($L10,$A:$K,4,""),"") -> Queso | P10: =IFERROR(VLOOKUP($L10,$A:$K,5,""),"") -> Porta HotDog | Q10: =IFERROR(VLOOKUP($L10,$A:$K,6,""),"") | R10: =IFERROR(VLOOKUP($L10,$A:$K,7,""),"") | S10: =IFERROR(VLOOKUP($L10,$A:$K,8,""),"") | T10: =IFERROR(VLOOKUP($L10,$A:$K,9,""),"") | U10: =IFERROR(VLOOKUP($L10,$A:$K,10,""),"")
A11: As Del Sabor | B11: Pan Lengua | C11: Vacuno | D11: Tomate Picado | E11: Palta | F11: Queso | G11: Cebolla Caramelizada | H11: Papas Hilo | I11: Porta HotDog | L11: As Luco XL | M11: =IFERROR(VLOOKUP($L11,$A:$K,2,""),"") -> Flauta 23Cms | N11: =IFERROR(VLOOKUP($L11,$A:$K,3,""),"") -> Vacuno | O11: =IFERROR(VLOOKUP($L11,$A:$K,4,""),"") -> Queso | P11: =IFERROR(VLOOKUP($L11,$A:$K,5,""),"") -> Porta HotDog | Q11: =IFERROR(VLOOKUP($L11,$A:$K,6,""),"") | R11: =IFERROR(VLOOKUP($L11,$A:$K,7,""),"") | S11: =IFERROR(VLOOKUP($L11,$A:$K,8,""),"") | T11: =IFERROR(VLOOKUP($L11,$A:$K,9,""),"") | U11: =IFERROR(VLOOKUP($L11,$A:$K,10,""),"")
A12: As Gourmet | B12: Pan Lengua | C12: Vacuno | D12: Queso | E12: Cebolla Caramelizada | F12: Champiñon | G12: BBQ | H12: Porta HotDog | L12: BBQ | M12: =IFERROR(VLOOKUP($L12,$A:$K,2,""),"") -> BBQ | N12: =IFERROR(VLOOKUP($L12,$A:$K,3,""),"") | O12: =IFERROR(VLOOKUP($L12,$A:$K,4,""),"") | P12: =IFERROR(VLOOKUP($L12,$A:$K,5,""),"") | Q12: =IFERROR(VLOOKUP($L12,$A:$K,6,""),"") | R12: =IFERROR(VLOOKUP($L12,$A:$K,7,""),"") | S12: =IFERROR(VLOOKUP($L12,$A:$K,8,""),"") | T12: =IFERROR(VLOOKUP($L12,$A:$K,9,""),"") | U12: =IFERROR(VLOOKUP($L12,$A:$K,10,""),"")
A13: As Gourmet XL | B13: Flauta 23Cms | C13: Vacuno | D13: Queso | E13: Cebolla Caramelizada | F13: Champiñon | G13: BBQ | H13: Porta HotDog | L13: Bebida en lata | M13: =IFERROR(VLOOKUP($L13,$A:$K,2,""),"") -> Bebida en lata | N13: =IFERROR(VLOOKUP($L13,$A:$K,3,""),"") | O13: =IFERROR(VLOOKUP($L13,$A:$K,4,""),"") | P13: =IFERROR(VLOOKUP($L13,$A:$K,5,""),"") | Q13: =IFERROR(VLOOKUP($L13,$A:$K,6,""),"") | R13: =IFERROR(VLOOKUP($L13,$A:$K,7,""),"") | S13: =IFERROR(VLOOKUP($L13,$A:$K,8,""),"") | T13: =IFERROR(VLOOKUP($L13,$A:$K,9,""),"") | U13: =IFERROR(VLOOKUP($L13,$A:$K,10,""),"")
A14: As Italiano | B14: Pan Lengua | C14: Vacuno | D14: Tomate Picado | E14: Palta | F14: Porta HotDog | L14: Brocheta de fruta | M14: =IFERROR(VLOOKUP($L14,$A:$K,2,""),"") -> Brocheta | N14: =IFERROR(VLOOKUP($L14,$A:$K,3,""),"") -> Salsa Sundae | O14: =IFERROR(VLOOKUP($L14,$A:$K,4,""),"") -> Plátano | P14: =IFERROR(VLOOKUP($L14,$A:$K,5,""),"") -> Frutilla | Q14: =IFERROR(VLOOKUP($L14,$A:$K,6,""),"") -> Marshmallow | R14: =IFERROR(VLOOKUP($L14,$A:$K,7,""),"") -> Plato Redondo | S14: =IFERROR(VLOOKUP($L14,$A:$K,8,""),"") | T14: =IFERROR(VLOOKUP($L14,$A:$K,9,""),"") | U14: =IFERROR(VLOOKUP($L14,$A:$K,10,""),"")
A15: As Italiano | B15: Pan Lengua | C15: Vacuno | D15: Tomate Picado | E15: Palta | F15: Porta HotDog | L15: Cebolla Caramelizada | M15: =IFERROR(VLOOKUP($L15,$A:$K,2,""),"") -> Cebolla Caramelizada | N15: =IFERROR(VLOOKUP($L15,$A:$K,3,""),"") | O15: =IFERROR(VLOOKUP($L15,$A:$K,4,""),"") | P15: =IFERROR(VLOOKUP($L15,$A:$K,5,""),"") | Q15: =IFERROR(VLOOKUP($L15,$A:$K,6,""),"") | R15: =IFERROR(VLOOKUP($L15,$A:$K,7,""),"") | S15: =IFERROR(VLOOKUP($L15,$A:$K,8,""),"") | T15: =IFERROR(VLOOKUP($L15,$A:$K,9,""),"") | U15: =IFERROR(VLOOKUP($L15,$A:$K,10,""),"")
A16: As Italiano | B16: Pan Lengua | C16: Vacuno | D16: Tomate Picado | E16: Palta | F16: Porta HotDog | L16: Cebolla Morada | M16: =IFERROR(VLOOKUP($L16,$A:$K,2,""),"") -> Cebolla Morada | N16: =IFERROR(VLOOKUP($L16,$A:$K,3,""),"") | O16: =IFERROR(VLOOKUP($L16,$A:$K,4,""),"") | P16: =IFERROR(VLOOKUP($L16,$A:$K,5,""),"") | Q16: =IFERROR(VLOOKUP($L16,$A:$K,6,""),"") | R16: =IFERROR(VLOOKUP($L16,$A:$K,7,""),"") | S16: =IFERROR(VLOOKUP($L16,$A:$K,8,""),"") | T16: =IFERROR(VLOOKUP($L16,$A:$K,9,""),"") | U16: =IFERROR(VLOOKUP($L16,$A:$K,10,""),"")
A17: As Italiano | B17: Pan Lengua | C17: Vacuno | D17: Tomate Picado | E17: Palta | F17: Porta HotDog | L17: Champiñon | M17: =IFERROR(VLOOKUP($L17,$A:$K,2,""),"") -> Champiñon | N17: =IFERROR(VLOOKUP($L17,$A:$K,3,""),"") | O17: =IFERROR(VLOOKUP($L17,$A:$K,4,""),"") | P17: =IFERROR(VLOOKUP($L17,$A:$K,5,""),"") | Q17: =IFERROR(VLOOKUP($L17,$A:$K,6,""),"") | R17: =IFERROR(VLOOKUP($L17,$A:$K,7,""),"") | S17: =IFERROR(VLOOKUP($L17,$A:$K,8,""),"") | T17: =IFERROR(VLOOKUP($L17,$A:$K,9,""),"") | U17: =IFERROR(VLOOKUP($L17,$A:$K,10,""),"")
A18: As Italiano XL | B18: Flauta 23Cms | C18: Vacuno | D18: Tomate Picado | E18: Palta | F18: Porta HotDog | L18: Chucrut | M18: =IFERROR(VLOOKUP($L18,$A:$K,2,""),"") -> Chucrut | N18: =IFERROR(VLOOKUP($L18,$A:$K,3,""),"") | O18: =IFERROR(VLOOKUP($L18,$A:$K,4,""),"") | P18: =IFERROR(VLOOKUP($L18,$A:$K,5,""),"") | Q18: =IFERROR(VLOOKUP($L18,$A:$K,6,""),"") | R18: =IFERROR(VLOOKUP($L18,$A:$K,7,""),"") | S18: =IFERROR(VLOOKUP($L18,$A:$K,8,""),"") | T18: =IFERROR(VLOOKUP($L18,$A:$K,9,""),"") | U18: =IFERROR(VLOOKUP($L18,$A:$K,10,""),"")
A19: As Luco | B19: Pan Lengua | C19: Vacuno | D19: Queso | E19: Porta HotDog | L19: Churrasco Camaleón | M19: =IFERROR(VLOOKUP($L19,$A:$K,2,""),"") -> Pan Brioche | N19: =IFERROR(VLOOKUP($L19,$A:$K,3,""),"") -> Vacuno | O19: =IFERROR(VLOOKUP($L19,$A:$K,4,""),"") -> Palta | P19: =IFERROR(VLOOKUP($L19,$A:$K,5,""),"") -> Queso | Q19: =IFERROR(VLOOKUP($L19,$A:$K,6,""),"") -> Cebolla Caramelizada | R19: =IFERROR(VLOOKUP($L19,$A:$K,7,""),"") -> Plato Redondo | S19: =IFERROR(VLOOKUP($L19,$A:$K,8,""),"") -> Tomate Laminado | T19: =IFERROR(VLOOKUP($L19,$A:$K,9,""),"") | U19: =IFERROR(VLOOKUP($L19,$A:$K,10,""),"")
A20: As Luco | B20: Pan Lengua | C20: Vacuno | D20: Queso | E20: Porta HotDog | L20: Churrasco Clásico | M20: =IFERROR(VLOOKUP($L20,$A:$K,2,""),"") -> Pan Brioche | N20: =IFERROR(VLOOKUP($L20,$A:$K,3,""),"") -> Vacuno | O20: =IFERROR(VLOOKUP($L20,$A:$K,4,""),"") -> Queso | P20: =IFERROR(VLOOKUP($L20,$A:$K,5,""),"") -> Lechuga | Q20: =IFERROR(VLOOKUP($L20,$A:$K,6,""),"") -> Cebolla Morada | R20: =IFERROR(VLOOKUP($L20,$A:$K,7,""),"") -> Pepinillos | S20: =IFERROR(VLOOKUP($L20,$A:$K,8,""),"") -> Plato Redondo | T20: =IFERROR(VLOOKUP($L20,$A:$K,9,""),"") -> Tomate Laminado | U20: =IFERROR(VLOOKUP($L20,$A:$K,10,""),"")
A21: As Luco XL | B21: Flauta 23Cms | C21: Vacuno | D21: Queso | E21: Porta HotDog | L21: Churrasco de pollo italiano | M21: =IFERROR(VLOOKUP($L21,$A:$K,2,""),"") -> Pan Brioche | N21: =IFERROR(VLOOKUP($L21,$A:$K,3,""),"") -> Escalopin de ave | O21: =IFERROR(VLOOKUP($L21,$A:$K,4,""),"") -> Palta | P21: =IFERROR(VLOOKUP($L21,$A:$K,5,""),"") -> Tomate Laminado | Q21: =IFERROR(VLOOKUP($L21,$A:$K,6,""),"") | R21: =IFERROR(VLOOKUP($L21,$A:$K,7,""),"") | S21: =IFERROR(VLOOKUP($L21,$A:$K,8,""),"") | T21: =IFERROR(VLOOKUP($L21,$A:$K,9,""),"") | U21: =IFERROR(VLOOKUP($L21,$A:$K,10,""),"")
A22: BBQ | B22: BBQ | L22: Churrasco Del Sabor | M22: =IFERROR(VLOOKUP($L22,$A:$K,2,""),"") -> Pan Brioche | N22: =IFERROR(VLOOKUP($L22,$A:$K,3,""),"") -> Vacuno | O22: =IFERROR(VLOOKUP($L22,$A:$K,4,""),"") -> Queso | P22: =IFERROR(VLOOKUP($L22,$A:$K,5,""),"") -> Lechuga | Q22: =IFERROR(VLOOKUP($L22,$A:$K,6,""),"") -> Cebolla Caramelizada | R22: =IFERROR(VLOOKUP($L22,$A:$K,7,""),"") -> Papas Hilo | S22: =IFERROR(VLOOKUP($L22,$A:$K,8,""),"") -> Pimentón Salteado | T22: =IFERROR(VLOOKUP($L22,$A:$K,9,""),"") -> Plato Redondo | U22: =IFERROR(VLOOKUP($L22,$A:$K,10,""),"") -> Tomate Laminado
A23: BBQ | B23: BBQ | L23: Churrasco Gourmet | M23: =IFERROR(VLOOKUP($L23,$A:$K,2,""),"") -> Pan Brioche | N23: =IFERROR(VLOOKUP($L23,$A:$K,3,""),"") -> Vacuno | O23: =IFERROR(VLOOKUP($L23,$A:$K,4,""),"") -> Lechuga | P23: =IFERROR(VLOOKUP($L23,$A:$K,5,""),"") -> Cebolla Caramelizada | Q23: =IFERROR(VLOOKUP($L23,$A:$K,6,""),"") -> Chucrut | R23: =IFERROR(VLOOKUP($L23,$A:$K,7,""),"") -> Ají Verde | S23: =IFERROR(VLOOKUP($L23,$A:$K,8,""),"") -> Salsa Americana | T23: =IFERROR(VLOOKUP($L23,$A:$K,9,""),"") -> Plato Redondo | U23: =IFERROR(VLOOKUP($L23,$A:$K,10,""),"") -> Tomate Laminado
A24: BBQ | B24: BBQ | L24: Churrasco Italiano | M24: =IFERROR(VLOOKUP($L24,$A:$K,2,""),"") -> Pan Brioche | N24: =IFERROR(VLOOKUP($L24,$A:$K,3,""),"") -> Vacuno | O24: =IFERROR(VLOOKUP($L24,$A:$K,4,""),"") -> Palta | P24: =IFERROR(VLOOKUP($L24,$A:$K,5,""),"") -> Plato Redondo | Q24: =IFERROR(VLOOKUP($L24,$A:$K,6,""),"") -> Tomate Laminado | R24: =IFERROR(VLOOKUP($L24,$A:$K,7,""),"") | S24: =IFERROR(VLOOKUP($L24,$A:$K,8,""),"") | T24: =IFERROR(VLOOKUP($L24,$A:$K,9,""),"") | U24: =IFERROR(VLOOKUP($L24,$A:$K,10,""),"")
A25: BBQ | B25: BBQ | L25: Churrasco Luco | M25: =IFERROR(VLOOKUP($L25,$A:$K,2,""),"") -> Pan Brioche | N25: =IFERROR(VLOOKUP($L25,$A:$K,3,""),"") -> Vacuno | O25: =IFERROR(VLOOKUP($L25,$A:$K,4,""),"") -> Queso | P25: =IFERROR(VLOOKUP($L25,$A:$K,5,""),"") -> Plato Redondo | Q25: =IFERROR(VLOOKUP($L25,$A:$K,6,""),"") | R25: =IFERROR(VLOOKUP($L25,$A:$K,7,""),"") | S25: =IFERROR(VLOOKUP($L25,$A:$K,8,""),"") | T25: =IFERROR(VLOOKUP($L25,$A:$K,9,""),"") | U25: =IFERROR(VLOOKUP($L25,$A:$K,10,""),"")
A26: Bebida en lata | B26: Bebida en lata | L26: Churros españoles | M26: =IFERROR(VLOOKUP($L26,$A:$K,2,""),"") -> Churro Español | N26: =IFERROR(VLOOKUP($L26,$A:$K,3,""),"") -> Azúcar flor | O26: =IFERROR(VLOOKUP($L26,$A:$K,4,""),"") -> Saco Blanco | P26: =IFERROR(VLOOKUP($L26,$A:$K,5,""),"") | Q26: =IFERROR(VLOOKUP($L26,$A:$K,6,""),"") | R26: =IFERROR(VLOOKUP($L26,$A:$K,7,""),"") | S26: =IFERROR(VLOOKUP($L26,$A:$K,8,""),"") | T26: =IFERROR(VLOOKUP($L26,$A:$K,9,""),"") | U26: =IFERROR(VLOOKUP($L26,$A:$K,10,""),"")
A27: Bebida en lata | B27: Bebida en lata | L27: Churros Rellenos | M27: =IFERROR(VLOOKUP($L27,$A:$K,2,""),"") -> Churro Relleno | N27: =IFERROR(VLOOKUP($L27,$A:$K,3,""),"") -> Azúcar flor | O27: =IFERROR(VLOOKUP($L27,$A:$K,4,""),"") -> Saco Blanco | P27: =IFERROR(VLOOKUP($L27,$A:$K,5,""),"") | Q27: =IFERROR(VLOOKUP($L27,$A:$K,6,""),"") | R27: =IFERROR(VLOOKUP($L27,$A:$K,7,""),"") | S27: =IFERROR(VLOOKUP($L27,$A:$K,8,""),"") | T27: =IFERROR(VLOOKUP($L27,$A:$K,9,""),"") | U27: =IFERROR(VLOOKUP($L27,$A:$K,10,""),"")
A28: Bebida en lata | B28: Bebida en lata | L28: Crema Ácida | M28: =IFERROR(VLOOKUP($L28,$A:$K,2,""),"") -> Crema Ácida | N28: =IFERROR(VLOOKUP($L28,$A:$K,3,""),"") | O28: =IFERROR(VLOOKUP($L28,$A:$K,4,""),"") | P28: =IFERROR(VLOOKUP($L28,$A:$K,5,""),"") | Q28: =IFERROR(VLOOKUP($L28,$A:$K,6,""),"") | R28: =IFERROR(VLOOKUP($L28,$A:$K,7,""),"") | S28: =IFERROR(VLOOKUP($L28,$A:$K,8,""),"") | T28: =IFERROR(VLOOKUP($L28,$A:$K,9,""),"") | U28: =IFERROR(VLOOKUP($L28,$A:$K,10,""),"")
A29: Bebida en lata | B29: Bebida en lata | L29: Donuts | M29: =IFERROR(VLOOKUP($L29,$A:$K,2,""),"") -> Donuts | N29: =IFERROR(VLOOKUP($L29,$A:$K,3,""),"") -> Plato Redondo | O29: =IFERROR(VLOOKUP($L29,$A:$K,4,""),"") | P29: =IFERROR(VLOOKUP($L29,$A:$K,5,""),"") | Q29: =IFERROR(VLOOKUP($L29,$A:$K,6,""),"") | R29: =IFERROR(VLOOKUP($L29,$A:$K,7,""),"") | S29: =IFERROR(VLOOKUP($L29,$A:$K,8,""),"") | T29: =IFERROR(VLOOKUP($L29,$A:$K,9,""),"") | U29: =IFERROR(VLOOKUP($L29,$A:$K,10,""),"")
A30: Brocheta de fruta | B30: Brocheta | C30: Salsa Sundae | D30: Plátano | E30: Frutilla | F30: Marshmallow | G30: Plato Redondo | L30: Empanadas cóctel | M30: =IFERROR(VLOOKUP($L30,$A:$K,2,""),"") -> Empanadas cóctel | N30: =IFERROR(VLOOKUP($L30,$A:$K,3,""),"") -> Plato Redondo | O30: =IFERROR(VLOOKUP($L30,$A:$K,4,""),"") | P30: =IFERROR(VLOOKUP($L30,$A:$K,5,""),"") | Q30: =IFERROR(VLOOKUP($L30,$A:$K,6,""),"") | R30: =IFERROR(VLOOKUP($L30,$A:$K,7,""),"") | S30: =IFERROR(VLOOKUP($L30,$A:$K,8,""),"") | T30: =IFERROR(VLOOKUP($L30,$A:$K,9,""),"") | U30: =IFERROR(VLOOKUP($L30,$A:$K,10,""),"")
A31: Brocheta de fruta | B31: Brocheta | C31: Salsa Sundae | D31: Plátano | E31: Frutilla | F31: Marshmallow | L31: Frutilla | M31: =IFERROR(VLOOKUP($L31,$A:$K,2,""),"") -> Frutilla | N31: =IFERROR(VLOOKUP($L31,$A:$K,3,""),"") | O31: =IFERROR(VLOOKUP($L31,$A:$K,4,""),"") | P31: =IFERROR(VLOOKUP($L31,$A:$K,5,""),"") | Q31: =IFERROR(VLOOKUP($L31,$A:$K,6,""),"") | R31: =IFERROR(VLOOKUP($L31,$A:$K,7,""),"") | S31: =IFERROR(VLOOKUP($L31,$A:$K,8,""),"") | T31: =IFERROR(VLOOKUP($L31,$A:$K,9,""),"") | U31: =IFERROR(VLOOKUP($L31,$A:$K,10,""),"")
A32: Brocheta de fruta | B32: Brocheta | C32: Salsa Sundae | D32: Plátano | E32: Frutilla | F32: Marshmallow | L32: Granizado | M32: =IFERROR(VLOOKUP($L32,$A:$K,2,""),"") -> Vaso 330cc | N32: =IFERROR(VLOOKUP($L32,$A:$K,3,""),"") -> Mix granizado | O32: =IFERROR(VLOOKUP($L32,$A:$K,4,""),"") | P32: =IFERROR(VLOOKUP($L32,$A:$K,5,""),"") | Q32: =IFERROR(VLOOKUP($L32,$A:$K,6,""),"") | R32: =IFERROR(VLOOKUP($L32,$A:$K,7,""),"") | S32: =IFERROR(VLOOKUP($L32,$A:$K,8,""),"") | T32: =IFERROR(VLOOKUP($L32,$A:$K,9,""),"") | U32: =IFERROR(VLOOKUP($L32,$A:$K,10,""),"")
A33: Brocheta de fruta | B33: Brocheta | C33: Salsa Sundae | D33: Plátano | E33: Frutilla | F33: Marshmallow | L33: Hamburguesa Clásica | M33: =IFERROR(VLOOKUP($L33,$A:$K,2,""),"") -> Pan Brioche | N33: =IFERROR(VLOOKUP($L33,$A:$K,3,""),"") -> Hamburguesa | O33: =IFERROR(VLOOKUP($L33,$A:$K,4,""),"") -> Queso | P33: =IFERROR(VLOOKUP($L33,$A:$K,5,""),"") -> Lechuga | Q33: =IFERROR(VLOOKUP($L33,$A:$K,6,""),"") -> Pepinillos | R33: =IFERROR(VLOOKUP($L33,$A:$K,7,""),"") -> Plato Redondo | S33: =IFERROR(VLOOKUP($L33,$A:$K,8,""),"") -> Tomate Laminado | T33: =IFERROR(VLOOKUP($L33,$A:$K,9,""),"") | U33: =IFERROR(VLOOKUP($L33,$A:$K,10,""),"")
A34: Cebolla Caramelizada | B34: Cebolla Caramelizada | L34: Hamburguesa Del Sabor | M34: =IFERROR(VLOOKUP($L34,$A:$K,2,""),"") -> Pan Brioche | N34: =IFERROR(VLOOKUP($L34,$A:$K,3,""),"") -> Hamburguesa | O34: =IFERROR(VLOOKUP($L34,$A:$K,4,""),"") -> Queso | P34: =IFERROR(VLOOKUP($L34,$A:$K,5,""),"") -> Lechuga | Q34: =IFERROR(VLOOKUP($L34,$A:$K,6,""),"") -> Cebolla Caramelizada | R34: =IFERROR(VLOOKUP($L34,$A:$K,7,""),"") -> Papas Hilo | S34: =IFERROR(VLOOKUP($L34,$A:$K,8,""),"") -> Pimentón Salteado | T34: =IFERROR(VLOOKUP($L34,$A:$K,9,""),"") -> Plato Redondo | U34: =IFERROR(VLOOKUP($L34,$A:$K,10,""),"") -> Tomate Laminado
A35: Cebolla Caramelizada | B35: Cebolla Caramelizada | L35: Hamburguesa Gourmet | M35: =IFERROR(VLOOKUP($L35,$A:$K,2,""),"") -> Pan Brioche | N35: =IFERROR(VLOOKUP($L35,$A:$K,3,""),"") -> Hamburguesa Smash | O35: =IFERROR(VLOOKUP($L35,$A:$K,4,""),"") -> Queso | P35: =IFERROR(VLOOKUP($L35,$A:$K,5,""),"") -> Lechuga | Q35: =IFERROR(VLOOKUP($L35,$A:$K,6,""),"") -> Cebolla Caramelizada | R35: =IFERROR(VLOOKUP($L35,$A:$K,7,""),"") -> Ají Verde | S35: =IFERROR(VLOOKUP($L35,$A:$K,8,""),"") -> Papas Hilo | T35: =IFERROR(VLOOKUP($L35,$A:$K,9,""),"") -> Salsa Americana | U35: =IFERROR(VLOOKUP($L35,$A:$K,10,""),"") -> Plato Redondo
A36: Cebolla Caramelizada | B36: Cebolla Caramelizada | L36: Hamburguesa Italiana | M36: =IFERROR(VLOOKUP($L36,$A:$K,2,""),"") -> Pan Brioche | N36: =IFERROR(VLOOKUP($L36,$A:$K,3,""),"") -> Hamburguesa | O36: =IFERROR(VLOOKUP($L36,$A:$K,4,""),"") -> Palta | P36: =IFERROR(VLOOKUP($L36,$A:$K,5,""),"") -> Plato Redondo | Q36: =IFERROR(VLOOKUP($L36,$A:$K,6,""),"") -> Tomate Laminado | R36: =IFERROR(VLOOKUP($L36,$A:$K,7,""),"") | S36: =IFERROR(VLOOKUP($L36,$A:$K,8,""),"") | T36: =IFERROR(VLOOKUP($L36,$A:$K,9,""),"") | U36: =IFERROR(VLOOKUP($L36,$A:$K,10,""),"")
A37: Cebolla Caramelizada | B37: Cebolla Caramelizada | L37: Hamburguesa Italiana Camaleón | M37: =IFERROR(VLOOKUP($L37,$A:$K,2,""),"") -> Pan Brioche | N37: =IFERROR(VLOOKUP($L37,$A:$K,3,""),"") -> Hamburguesa | O37: =IFERROR(VLOOKUP($L37,$A:$K,4,""),"") -> Plato Redondo | P37: =IFERROR(VLOOKUP($L37,$A:$K,5,""),"") | Q37: =IFERROR(VLOOKUP($L37,$A:$K,6,""),"") | R37: =IFERROR(VLOOKUP($L37,$A:$K,7,""),"") | S37: =IFERROR(VLOOKUP($L37,$A:$K,8,""),"") | T37: =IFERROR(VLOOKUP($L37,$A:$K,9,""),"") | U37: =IFERROR(VLOOKUP($L37,$A:$K,10,""),"")
A38: Cebolla Morada | B38: Cebolla Morada | L38: Hamburguesa Tejana Camaleón | M38: =IFERROR(VLOOKUP($L38,$A:$K,2,""),"") -> Pan Brioche | N38: =IFERROR(VLOOKUP($L38,$A:$K,3,""),"") -> Hamburguesa | O38: =IFERROR(VLOOKUP($L38,$A:$K,4,""),"") -> Queso | P38: =IFERROR(VLOOKUP($L38,$A:$K,5,""),"") -> Plato Redondo | Q38: =IFERROR(VLOOKUP($L38,$A:$K,6,""),"") | R38: =IFERROR(VLOOKUP($L38,$A:$K,7,""),"") | S38: =IFERROR(VLOOKUP($L38,$A:$K,8,""),"") | T38: =IFERROR(VLOOKUP($L38,$A:$K,9,""),"") | U38: =IFERROR(VLOOKUP($L38,$A:$K,10,""),"")
A39: Cebolla Morada | B39: Cebolla Morada | L39: Helado Soft | M39: =IFERROR(VLOOKUP($L39,$A:$K,2,""),"") -> Barquillo | N39: =IFERROR(VLOOKUP($L39,$A:$K,3,""),"") -> Base helado | O39: =IFERROR(VLOOKUP($L39,$A:$K,4,""),"") | P39: =IFERROR(VLOOKUP($L39,$A:$K,5,""),"") | Q39: =IFERROR(VLOOKUP($L39,$A:$K,6,""),"") | R39: =IFERROR(VLOOKUP($L39,$A:$K,7,""),"") | S39: =IFERROR(VLOOKUP($L39,$A:$K,8,""),"") | T39: =IFERROR(VLOOKUP($L39,$A:$K,9,""),"") | U39: =IFERROR(VLOOKUP($L39,$A:$K,10,""),"")
A40: Cebolla Morada | B40: Cebolla Morada | L40: Helado Sundae | M40: =IFERROR(VLOOKUP($L40,$A:$K,2,""),"") -> Vaso Sundae | N40: =IFERROR(VLOOKUP($L40,$A:$K,3,""),"") -> Base helado | O40: =IFERROR(VLOOKUP($L40,$A:$K,4,""),"") -> Salsa Sundae | P40: =IFERROR(VLOOKUP($L40,$A:$K,5,""),"") | Q40: =IFERROR(VLOOKUP($L40,$A:$K,6,""),"") | R40: =IFERROR(VLOOKUP($L40,$A:$K,7,""),"") | S40: =IFERROR(VLOOKUP($L40,$A:$K,8,""),"") | T40: =IFERROR(VLOOKUP($L40,$A:$K,9,""),"") | U40: =IFERROR(VLOOKUP($L40,$A:$K,10,""),"")
A41: Cebolla Morada | B41: Cebolla Morada | L41: HotDog italiano vegetariano | M41: =IFERROR(VLOOKUP($L41,$A:$K,2,""),"") -> Pan Lengua | N41: =IFERROR(VLOOKUP($L41,$A:$K,3,""),"") -> Salchicha Veggie | O41: =IFERROR(VLOOKUP($L41,$A:$K,4,""),"") -> Tomate Picado | P41: =IFERROR(VLOOKUP($L41,$A:$K,5,""),"") -> Palta | Q41: =IFERROR(VLOOKUP($L41,$A:$K,6,""),"") | R41: =IFERROR(VLOOKUP($L41,$A:$K,7,""),"") | S41: =IFERROR(VLOOKUP($L41,$A:$K,8,""),"") | T41: =IFERROR(VLOOKUP($L41,$A:$K,9,""),"") | U41: =IFERROR(VLOOKUP($L41,$A:$K,10,""),"")
A42: Champiñon | B42: Champiñon | L42: HotDog Camaleón | M42: =IFERROR(VLOOKUP($L42,$A:$K,2,""),"") -> Pan Lengua | N42: =IFERROR(VLOOKUP($L42,$A:$K,3,""),"") -> Salchicha | O42: =IFERROR(VLOOKUP($L42,$A:$K,4,""),"") -> Tomate Picado | P42: =IFERROR(VLOOKUP($L42,$A:$K,5,""),"") -> Palta | Q42: =IFERROR(VLOOKUP($L42,$A:$K,6,""),"") -> Cebolla Caramelizada | R42: =IFERROR(VLOOKUP($L42,$A:$K,7,""),"") -> Papas Hilo | S42: =IFERROR(VLOOKUP($L42,$A:$K,8,""),"") -> Porta HotDog | T42: =IFERROR(VLOOKUP($L42,$A:$K,9,""),"") | U42: =IFERROR(VLOOKUP($L42,$A:$K,10,""),"")
A43: Champiñon | B43: Champiñon | L43: HotDog Completo | M43: =IFERROR(VLOOKUP($L43,$A:$K,2,""),"") -> Pan Lengua | N43: =IFERROR(VLOOKUP($L43,$A:$K,3,""),"") -> Salchicha | O43: =IFERROR(VLOOKUP($L43,$A:$K,4,""),"") -> Tomate Picado | P43: =IFERROR(VLOOKUP($L43,$A:$K,5,""),"") -> Salsa Verde | Q43: =IFERROR(VLOOKUP($L43,$A:$K,6,""),"") -> Ají Verde | R43: =IFERROR(VLOOKUP($L43,$A:$K,7,""),"") -> Porta HotDog | S43: =IFERROR(VLOOKUP($L43,$A:$K,8,""),"") | T43: =IFERROR(VLOOKUP($L43,$A:$K,9,""),"") | U43: =IFERROR(VLOOKUP($L43,$A:$K,10,""),"")
A44: Champiñon | B44: Champiñon | L44: HotDog Del Sabor | M44: =IFERROR(VLOOKUP($L44,$A:$K,2,""),"") -> Pan Lengua | N44: =IFERROR(VLOOKUP($L44,$A:$K,3,""),"") -> Salchicha | O44: =IFERROR(VLOOKUP($L44,$A:$K,4,""),"") -> Tomate Picado | P44: =IFERROR(VLOOKUP($L44,$A:$K,5,""),"") -> Palta | Q44: =IFERROR(VLOOKUP($L44,$A:$K,6,""),"") -> Cebolla Caramelizada | R44: =IFERROR(VLOOKUP($L44,$A:$K,7,""),"") -> Papas Hilo | S44: =IFERROR(VLOOKUP($L44,$A:$K,8,""),"") -> Porta HotDog | T44: =IFERROR(VLOOKUP($L44,$A:$K,9,""),"") | U44: =IFERROR(VLOOKUP($L44,$A:$K,10,""),"")
A45: Champiñon | B45: Champiñon | L45: HotDog Dinámico | M45: =IFERROR(VLOOKUP($L45,$A:$K,2,""),"") -> Pan Lengua | N45: =IFERROR(VLOOKUP($L45,$A:$K,3,""),"") -> Salchicha | O45: =IFERROR(VLOOKUP($L45,$A:$K,4,""),"") -> Tomate Picado | P45: =IFERROR(VLOOKUP($L45,$A:$K,5,""),"") -> Salsa Verde | Q45: =IFERROR(VLOOKUP($L45,$A:$K,6,""),"") -> Salsa Americana | R45: =IFERROR(VLOOKUP($L45,$A:$K,7,""),"") -> Porta HotDog | S45: =IFERROR(VLOOKUP($L45,$A:$K,8,""),"") | T45: =IFERROR(VLOOKUP($L45,$A:$K,9,""),"") | U45: =IFERROR(VLOOKUP($L45,$A:$K,10,""),"")
... A49: Chucrut | B49: Chucrut | L49: HotDog Italiano | M49: =IFERROR(VLOOKUP($L49,$A:$K,2,""),"") -> Pan Lengua | N49: =IFERROR(VLOOKUP($L49,$A:$K,3,""),"") -> Salchicha | O49: =IFERROR(VLOOKUP($L49,$A:$K,4,""),"") -> Tomate Picado | P49: =IFERROR(VLOOKUP($L49,$A:$K,5,""),"") -> Palta | Q49: =IFERROR(VLOOKUP($L49,$A:$K,6,""),"") -> Porta HotDog | R49: =IFERROR(VLOOKUP($L49,$A:$K,7,""),"") | S49: =IFERROR(VLOOKUP($L49,$A:$K,8,""),"") | T49: =IFERROR(VLOOKUP($L49,$A:$K,9,""),"") | U49: =IFERROR(VLOOKUP($L49,$A:$K,10,""),"")
A50: Churrasco Camaleón | B50: Pan Brioche | C50: Vacuno | D50: Palta | E50: Queso | F50: Cebolla Caramelizada | G50: Plato Redondo | H50: Tomate Laminado | L50: HotDog Italiano XL | M50: =IFERROR(VLOOKUP($L50,$A:$K,2,""),"") -> Flauta 23Cms | N50: =IFERROR(VLOOKUP($L50,$A:$K,3,""),"") -> Salchicha XL | O50: =IFERROR(VLOOKUP($L50,$A:$K,4,""),"") -> Tomate Picado | P50: =IFERROR(VLOOKUP($L50,$A:$K,5,""),"") -> Palta | Q50: =IFERROR(VLOOKUP($L50,$A:$K,6,""),"") | R50: =IFERROR(VLOOKUP($L50,$A:$K,7,""),"") | S50: =IFERROR(VLOOKUP($L50,$A:$K,8,""),"") | T50: =IFERROR(VLOOKUP($L50,$A:$K,9,""),"") | U50: =IFERROR(VLOOKUP($L50,$A:$K,10,""),"")
A51: Churrasco Clásico | B51: Pan Brioche | C51: Vacuno | D51: Queso | E51: Lechuga | F51: Cebolla Morada | G51: Pepinillos | H51: Plato Redondo | I51: Tomate Laminado | L51: Jugo en lata | M51: =IFERROR(VLOOKUP($L51,$A:$K,2,""),"") -> Jugo en lata | N51: =IFERROR(VLOOKUP($L51,$A:$K,3,""),"") | O51: =IFERROR(VLOOKUP($L51,$A:$K,4,""),"") | P51: =IFERROR(VLOOKUP($L51,$A:$K,5,""),"") | Q51: =IFERROR(VLOOKUP($L51,$A:$K,6,""),"") | R51: =IFERROR(VLOOKUP($L51,$A:$K,7,""),"") | S51: =IFERROR(VLOOKUP($L51,$A:$K,8,""),"") | T51: =IFERROR(VLOOKUP($L51,$A:$K,9,""),"") | U51: =IFERROR(VLOOKUP($L51,$A:$K,10,""),"")
A52: Churrasco de pollo italiano | B52: Pan Brioche | C52: Escalopin de ave | D52: Palta | E52: Tomate Laminado | L52: Lechuga | M52: =IFERROR(VLOOKUP($L52,$A:$K,2,""),"") -> Lechuga | N52: =IFERROR(VLOOKUP($L52,$A:$K,3,""),"") | O52: =IFERROR(VLOOKUP($L52,$A:$K,4,""),"") | P52: =IFERROR(VLOOKUP($L52,$A:$K,5,""),"") | Q52: =IFERROR(VLOOKUP($L52,$A:$K,6,""),"") | R52: =IFERROR(VLOOKUP($L52,$A:$K,7,""),"") | S52: =IFERROR(VLOOKUP($L52,$A:$K,8,""),"") | T52: =IFERROR(VLOOKUP($L52,$A:$K,9,""),"") | U52: =IFERROR(VLOOKUP($L52,$A:$K,10,""),"")
A53: Churrasco de pollo italiano | B53: Pan Brioche | C53: Escalopin de ave | D53: Palta | E53: Tomate Laminado | L53: Lomito Camaleón | M53: =IFERROR(VLOOKUP($L53,$A:$K,2,""),"") -> Pan Brioche | N53: =IFERROR(VLOOKUP($L53,$A:$K,3,""),"") -> Cerdo | O53: =IFERROR(VLOOKUP($L53,$A:$K,4,""),"") -> Palta | P53: =IFERROR(VLOOKUP($L53,$A:$K,5,""),"") -> Queso | Q53: =IFERROR(VLOOKUP($L53,$A:$K,6,""),"") -> Cebolla Caramelizada | R53: =IFERROR(VLOOKUP($L53,$A:$K,7,""),"") -> Plato Redondo | S53: =IFERROR(VLOOKUP($L53,$A:$K,8,""),"") -> Tomate Laminado | T53: =IFERROR(VLOOKUP($L53,$A:$K,9,""),"") | U53: =IFERROR(VLOOKUP($L53,$A:$K,10,""),"")
A54: Churrasco de pollo italiano | B54: Pan Brioche | C54: Escalopin de ave | D54: Palta | E54: Tomate Laminado | L54: Lomito Clásico | M54: =IFERROR(VLOOKUP($L54,$A:$K,2,""),"") -> Pan Brioche | N54: =IFERROR(VLOOKUP($L54,$A:$K,3,""),"") -> Cerdo | O54: =IFERROR(VLOOKUP($L54,$A:$K,4,""),"") -> Queso | P54: =IFERROR(VLOOKUP($L54,$A:$K,5,""),"") -> Lechuga | Q54: =IFERROR(VLOOKUP($L54,$A:$K,6,""),"") -> Cebolla Morada | R54: =IFERROR(VLOOKUP($L54,$A:$K,7,""),"") -> Pepinillos | S54: =IFERROR(VLOOKUP($L54,$A:$K,8,""),"") -> Plato Redondo | T54: =IFERROR(VLOOKUP($L54,$A:$K,9,""),"") -> Tomate Laminado | U54: =IFERROR(VLOOKUP($L54,$A:$K,10,""),"")
A55: Churrasco de pollo italiano | B55: Pan Brioche | C55: Escalopin de ave | D55: Palta | E55: Tomate Laminado | L55: Lomito Del Sabor | M55: =IFERROR(VLOOKUP($L55,$A:$K,2,""),"") -> Pan Brioche | N55: =IFERROR(VLOOKUP($L55,$A:$K,3,""),"") -> Cerdo | O55: =IFERROR(VLOOKUP($L55,$A:$K,4,""),"") -> Plato Redondo | P55: =IFERROR(VLOOKUP($L55,$A:$K,5,""),"") | Q55: =IFERROR(VLOOKUP($L55,$A:$K,6,""),"") | R55: =IFERROR(VLOOKUP($L55,$A:$K,7,""),"") | S55: =IFERROR(VLOOKUP($L55,$A:$K,8,""),"") | T55: =IFERROR(VLOOKUP($L55,$A:$K,9,""),"") | U55: =IFERROR(VLOOKUP($L55,$A:$K,10,""),"")
A56: Churrasco Del Sabor | B56: Pan Brioche | C56: Vacuno | D56: Queso | E56: Lechuga | F56: Cebolla Caramelizada | G56: Papas Hilo | H56: Pimentón Salteado | I56: Plato Redondo | J56: Tomate Laminado | L56: Lomito Gourmet | M56: =IFERROR(VLOOKUP($L56,$A:$K,2,""),"") -> Pan Brioche | N56: =IFERROR(VLOOKUP($L56,$A:$K,3,""),"") -> Cerdo | O56: =IFERROR(VLOOKUP($L56,$A:$K,4,""),"") -> Queso | P56: =IFERROR(VLOOKUP($L56,$A:$K,5,""),"") -> Cebolla Caramelizada | Q56: =IFERROR(VLOOKUP($L56,$A:$K,6,""),"") -> Champiñon | R56: =IFERROR(VLOOKUP($L56,$A:$K,7,""),"") -> BBQ | S56: =IFERROR(VLOOKUP($L56,$A:$K,8,""),"") -> Plato Redondo | T56: =IFERROR(VLOOKUP($L56,$A:$K,9,""),"") | U56: =IFERROR(VLOOKUP($L56,$A:$K,10,""),"")
A57: Churrasco Gourmet | B57: Pan Brioche | C57: Vacuno | D57: Lechuga | E57: Cebolla Caramelizada | F57: Chucrut | G57: Ají Verde | H57: Salsa Americana | I57: Plato Redondo | J57: Tomate Laminado | L57: Lomito Italiano | M57: =IFERROR(VLOOKUP($L57,$A:$K,2,""),"") -> Pan Brioche | N57: =IFERROR(VLOOKUP($L57,$A:$K,3,""),"") -> Cerdo | O57: =IFERROR(VLOOKUP($L57,$A:$K,4,""),"") -> Palta | P57: =IFERROR(VLOOKUP($L57,$A:$K,5,""),"") -> Plato Redondo | Q57: =IFERROR(VLOOKUP($L57,$A:$K,6,""),"") -> Tomate Laminado | R57: =IFERROR(VLOOKUP($L57,$A:$K,7,""),"") | S57: =IFERROR(VLOOKUP($L57,$A:$K,8,""),"") | T57: =IFERROR(VLOOKUP($L57,$A:$K,9,""),"") | U57: =IFERROR(VLOOKUP($L57,$A:$K,10,""),"")
A58: Churrasco Italiano | B58: Pan Brioche | C58: Vacuno | D58: Palta | E58: Plato Redondo | F58: Tomate Laminado | L58: Lomito Luco | M58: =IFERROR(VLOOKUP($L58,$A:$K,2,""),"") -> Pan Brioche | N58: =IFERROR(VLOOKUP($L58,$A:$K,3,""),"") -> Cerdo | O58: =IFERROR(VLOOKUP($L58,$A:$K,4,""),"") -> Queso | P58: =IFERROR(VLOOKUP($L58,$A:$K,5,""),"") -> Plato Redondo | Q58: =IFERROR(VLOOKUP($L58,$A:$K,6,""),"") | R58: =IFERROR(VLOOKUP($L58,$A:$K,7,""),"") | S58: =IFERROR(VLOOKUP($L58,$A:$K,8,""),"") | T58: =IFERROR(VLOOKUP($L58,$A:$K,9,""),"") | U58: =IFERROR(VLOOKUP($L58,$A:$K,10,""),"")
A59: Churrasco Italiano | B59: Pan Brioche | C59: Vacuno | D59: Palta | E59: Plato Redondo | F59: Tomate Laminado | L59: Marshmallow | M59: =IFERROR(VLOOKUP($L59,$A:$K,2,""),"") -> Marshmallow | N59: =IFERROR(VLOOKUP($L59,$A:$K,3,""),"") | O59: =IFERROR(VLOOKUP($L59,$A:$K,4,""),"") | P59: =IFERROR(VLOOKUP($L59,$A:$K,5,""),"") | Q59: =IFERROR(VLOOKUP($L59,$A:$K,6,""),"") | R59: =IFERROR(VLOOKUP($L59,$A:$K,7,""),"") | S59: =IFERROR(VLOOKUP($L59,$A:$K,8,""),"") | T59: =IFERROR(VLOOKUP($L59,$A:$K,9,""),"") | U59: =IFERROR(VLOOKUP($L59,$A:$K,10,""),"")
A60: Churrasco Italiano | B60: Pan Brioche | C60: Vacuno | D60: Palta | E60: Plato Redondo | F60: Tomate Laminado | L60: Mechada Clásica | M60: =IFERROR(VLOOKUP($L60,$A:$K,2,""),"") -> Pan Brioche | N60: =IFERROR(VLOOKUP($L60,$A:$K,3,""),"") -> Mechada | O60: =IFERROR(VLOOKUP($L60,$A:$K,4,""),"") -> Queso | P60: =IFERROR(VLOOKUP($L60,$A:$K,5,""),"") -> Lechuga | Q60: =IFERROR(VLOOKUP($L60,$A:$K,6,""),"") -> Plato Redondo | R60: =IFERROR(VLOOKUP($L60,$A:$K,7,""),"") -> Tomate Laminado | S60: =IFERROR(VLOOKUP($L60,$A:$K,8,""),"") | T60: =IFERROR(VLOOKUP($L60,$A:$K,9,""),"") | U60: =IFERROR(VLOOKUP($L60,$A:$K,10,""),"")
A61: Churrasco Italiano | B61: Pan Brioche | C61: Vacuno | D61: Palta | E61: Plato Redondo | F61: Tomate Laminado | L61: Mechada Del Sabor | M61: =IFERROR(VLOOKUP($L61,$A:$K,2,""),"") -> Pan Brioche | N61: =IFERROR(VLOOKUP($L61,$A:$K,3,""),"") -> Mechada | O61: =IFERROR(VLOOKUP($L61,$A:$K,4,""),"") -> Queso | P61: =IFERROR(VLOOKUP($L61,$A:$K,5,""),"") -> Lechuga | Q61: =IFERROR(VLOOKUP($L61,$A:$K,6,""),"") -> Cebolla Caramelizada | R61: =IFERROR(VLOOKUP($L61,$A:$K,7,""),"") -> Papas Hilo | S61: =IFERROR(VLOOKUP($L61,$A:$K,8,""),"") -> Pimentón Salteado | T61: =IFERROR(VLOOKUP($L61,$A:$K,9,""),"") -> Plato Redondo | U61: =IFERROR(VLOOKUP($L61,$A:$K,10,""),"") -> Tomate Laminado
A62: Churrasco Luco | B62: Pan Brioche | C62: Vacuno | D62: Queso | E62: Plato Redondo | L62: Mechada Gourmet | M62: =IFERROR(VLOOKUP($L62,$A:$K,2,""),"") -> Pan Brioche | N62: =IFERROR(VLOOKUP($L62,$A:$K,3,""),"") -> Mechada | O62: =IFERROR(VLOOKUP($L62,$A:$K,4,""),"") -> Palta | P62: =IFERROR(VLOOKUP($L62,$A:$K,5,""),"") -> Cebolla Caramelizada | Q62: =IFERROR(VLOOKUP($L62,$A:$K,6,""),"") -> Ají Verde | R62: =IFERROR(VLOOKUP($L62,$A:$K,7,""),"") -> Salsa Americana | S62: =IFERROR(VLOOKUP($L62,$A:$K,8,""),"") -> Plato Redondo | T62: =IFERROR(VLOOKUP($L62,$A:$K,9,""),"") -> Tomate Laminado | U62: =IFERROR(VLOOKUP($L62,$A:$K,10,""),"")
A63: Churrasco Luco | B63: Pan Brioche | C63: Vacuno | D63: Queso | E63: Plato Redondo | L63: Mechada Italiana | M63: =IFERROR(VLOOKUP($L63,$A:$K,2,""),"") -> Pan Brioche | N63: =IFERROR(VLOOKUP($L63,$A:$K,3,""),"") -> Mechada | O63: =IFERROR(VLOOKUP($L63,$A:$K,4,""),"") -> Palta | P63: =IFERROR(VLOOKUP($L63,$A:$K,5,""),"") -> Plato Redondo | Q63: =IFERROR(VLOOKUP($L63,$A:$K,6,""),"") -> Tomate Laminado | R63: =IFERROR(VLOOKUP($L63,$A:$K,7,""),"") | S63: =IFERROR(VLOOKUP($L63,$A:$K,8,""),"") | T63: =IFERROR(VLOOKUP($L63,$A:$K,9,""),"") | U63: =IFERROR(VLOOKUP($L63,$A:$K,10,""),"")
A64: Churros españoles | B64: Churro Español | C64: Azúcar flor | D64: Saco Blanco | L64: Mechada Italiana Camaleón | M64: =IFERROR(VLOOKUP($L64,$A:$K,2,""),"") -> Pan Brioche | N64: =IFERROR(VLOOKUP($L64,$A:$K,3,""),"") -> Mechada | O64: =IFERROR(VLOOKUP($L64,$A:$K,4,""),"") -> Palta | P64: =IFERROR(VLOOKUP($L64,$A:$K,5,""),"") -> Queso | Q64: =IFERROR(VLOOKUP($L64,$A:$K,6,""),"") -> Cebolla Caramelizada | R64: =IFERROR(VLOOKUP($L64,$A:$K,7,""),"") -> Plato Redondo | S64: =IFERROR(VLOOKUP($L64,$A:$K,8,""),"") -> Tomate Laminado | T64: =IFERROR(VLOOKUP($L64,$A:$K,9,""),"") | U64: =IFERROR(VLOOKUP($L64,$A:$K,10,""),"")
A65: Churros españoles | B65: Churro Español | C65: Azúcar flor | D65: Saco Blanco | L65: Mechada Luco | M65: =IFERROR(VLOOKUP($L65,$A:$K,2,""),"") -> Pan Brioche | N65: =IFERROR(VLOOKUP($L65,$A:$K,3,""),"") -> Mechada | O65: =IFERROR(VLOOKUP($L65,$A:$K,4,""),"") -> Queso | P65: =IFERROR(VLOOKUP($L65,$A:$K,5,""),"") -> Plato Redondo | Q65: =IFERROR(VLOOKUP($L65,$A:$K,6,""),"") | R65: =IFERROR(VLOOKUP($L65,$A:$K,7,""),"") | S65: =IFERROR(VLOOKUP($L65,$A:$K,8,""),"") | T65: =IFERROR(VLOOKUP($L65,$A:$K,9,""),"") | U65: =IFERROR(VLOOKUP($L65,$A:$K,10,""),"")
A66: Churros españoles | B66: Churro Español | C66: Azúcar flor | D66: Saco Blanco | L66: Mechada | M66: =IFERROR(VLOOKUP($L66,$A:$K,2,""),"") -> Mechada | N66: =IFERROR(VLOOKUP($L66,$A:$K,3,""),"") | O66: =IFERROR(VLOOKUP($L66,$A:$K,4,""),"") | P66: =IFERROR(VLOOKUP($L66,$A:$K,5,""),"") | Q66: =IFERROR(VLOOKUP($L66,$A:$K,6,""),"") | R66: =IFERROR(VLOOKUP($L66,$A:$K,7,""),"") | S66: =IFERROR(VLOOKUP($L66,$A:$K,8,""),"") | T66: =IFERROR(VLOOKUP($L66,$A:$K,9,""),"") | U66: =IFERROR(VLOOKUP($L66,$A:$K,10,""),"")
A67: Churros españoles | B67: Churro Español | C67: Azúcar flor | D67: Saco Blanco | L67: Medialuna | M67: =IFERROR(VLOOKUP($L67,$A:$K,2,""),"") -> Medialuna | N67: =IFERROR(VLOOKUP($L67,$A:$K,3,""),"") -> Plato Redondo | O67: =IFERROR(VLOOKUP($L67,$A:$K,4,""),"") | P67: =IFERROR(VLOOKUP($L67,$A:$K,5,""),"") | Q67: =IFERROR(VLOOKUP($L67,$A:$K,6,""),"") | R67: =IFERROR(VLOOKUP($L67,$A:$K,7,""),"") | S67: =IFERROR(VLOOKUP($L67,$A:$K,8,""),"") | T67: =IFERROR(VLOOKUP($L67,$A:$K,9,""),"") | U67: =IFERROR(VLOOKUP($L67,$A:$K,10,""),"")
A68: Churros Rellenos | B68: Churro Relleno | C68: Azúcar flor | D68: Saco Blanco | L68: Mini AS Italiano | M68: =IFERROR(VLOOKUP($L68,$A:$K,2,""),"") -> Pan Lengua Mini | N68: =IFERROR(VLOOKUP($L68,$A:$K,3,""),"") -> Vacuno | O68: =IFERROR(VLOOKUP($L68,$A:$K,4,""),"") -> Tomate Picado | P68: =IFERROR(VLOOKUP($L68,$A:$K,5,""),"") -> Palta | Q68: =IFERROR(VLOOKUP($L68,$A:$K,6,""),"") -> Porta HotDog | R68: =IFERROR(VLOOKUP($L68,$A:$K,7,""),"") | S68: =IFERROR(VLOOKUP($L68,$A:$K,8,""),"") | T68: =IFERROR(VLOOKUP($L68,$A:$K,9,""),"") | U68: =IFERROR(VLOOKUP($L68,$A:$K,10,""),"")
A69: Churros Rellenos | B69: Churro Relleno | C69: Azúcar flor | D69: Saco Blanco | L69: Mini As Italiano | M69: =IFERROR(VLOOKUP($L69,$A:$K,2,""),"") -> Pan Lengua Mini | N69: =IFERROR(VLOOKUP($L69,$A:$K,3,""),"") -> Vacuno | O69: =IFERROR(VLOOKUP($L69,$A:$K,4,""),"") -> Tomate Picado | P69: =IFERROR(VLOOKUP($L69,$A:$K,5,""),"") -> Palta | Q69: =IFERROR(VLOOKUP($L69,$A:$K,6,""),"") -> Porta HotDog | R69: =IFERROR(VLOOKUP($L69,$A:$K,7,""),"") | S69: =IFERROR(VLOOKUP($L69,$A:$K,8,""),"") | T69: =IFERROR(VLOOKUP($L69,$A:$K,9,""),"") | U69: =IFERROR(VLOOKUP($L69,$A:$K,10,""),"")
A70: Churros Rellenos | B70: Churro Relleno | C70: Azúcar flor | D70: Saco Blanco | L70: Mini AS Luco | M70: =IFERROR(VLOOKUP($L70,$A:$K,2,""),"") -> Pan Lengua Mini | N70: =IFERROR(VLOOKUP($L70,$A:$K,3,""),"") -> Vacuno | O70: =IFERROR(VLOOKUP($L70,$A:$K,4,""),"") -> Queso | P70: =IFERROR(VLOOKUP($L70,$A:$K,5,""),"") -> Porta HotDog | Q70: =IFERROR(VLOOKUP($L70,$A:$K,6,""),"") | R70: =IFERROR(VLOOKUP($L70,$A:$K,7,""),"") | S70: =IFERROR(VLOOKUP($L70,$A:$K,8,""),"") | T70: =IFERROR(VLOOKUP($L70,$A:$K,9,""),"") | U70: =IFERROR(VLOOKUP($L70,$A:$K,10,""),"")
A71: Churros Rellenos | B71: Churro Relleno | C71: Azúcar flor | D71: Saco Blanco | L71: Mini As Luco | M71: =IFERROR(VLOOKUP($L71,$A:$K,2,""),"") -> Pan Lengua Mini | N71: =IFERROR(VLOOKUP($L71,$A:$K,3,""),"") -> Vacuno | O71: =IFERROR(VLOOKUP($L71,$A:$K,4,""),"") -> Queso | P71: =IFERROR(VLOOKUP($L71,$A:$K,5,""),"") -> Porta HotDog | Q71: =IFERROR(VLOOKUP($L71,$A:$K,6,""),"") | R71: =IFERROR(VLOOKUP($L71,$A:$K,7,""),"") | S71: =IFERROR(VLOOKUP($L71,$A:$K,8,""),"") | T71: =IFERROR(VLOOKUP($L71,$A:$K,9,""),"") | U71: =IFERROR(VLOOKUP($L71,$A:$K,10,""),"")
A72: Crema Ácida | B72: Crema Ácida | L72: Mini Burger Cheese | M72: =IFERROR(VLOOKUP($L72,$A:$K,2,""),"") -> Pan Amasado Mini | N72: =IFERROR(VLOOKUP($L72,$A:$K,3,""),"") -> Hamburguesa Smash | O72: =IFERROR(VLOOKUP($L72,$A:$K,4,""),"") -> Queso | P72: =IFERROR(VLOOKUP($L72,$A:$K,5,""),"") -> Cebolla Caramelizada | Q72: =IFERROR(VLOOKUP($L72,$A:$K,6,""),"") -> BBQ | R72: =IFERROR(VLOOKUP($L72,$A:$K,7,""),"") -> Plato Redondo | S72: =IFERROR(VLOOKUP($L72,$A:$K,8,""),"") | T72: =IFERROR(VLOOKUP($L72,$A:$K,9,""),"") | U72: =IFERROR(VLOOKUP($L72,$A:$K,10,""),"")
A73: Crema Ácida | B73: Crema Ácida | L73: Mini Burger Clásica | M73: =IFERROR(VLOOKUP($L73,$A:$K,2,""),"") -> Pan Amasado Mini | N73: =IFERROR(VLOOKUP($L73,$A:$K,3,""),"") -> Hamburguesa Smash | O73: =IFERROR(VLOOKUP($L73,$A:$K,4,""),"") -> Queso | P73: =IFERROR(VLOOKUP($L73,$A:$K,5,""),"") -> Lechuga | Q73: =IFERROR(VLOOKUP($L73,$A:$K,6,""),"") -> Plato Redondo | R73: =IFERROR(VLOOKUP($L73,$A:$K,7,""),"") -> Tomate Laminado | S73: =IFERROR(VLOOKUP($L73,$A:$K,8,""),"") | T73: =IFERROR(VLOOKUP($L73,$A:$K,9,""),"") | U73: =IFERROR(VLOOKUP($L73,$A:$K,10,""),"")
A74: Crema Ácida | B74: Crema Ácida | L74: Mini Burger Especial | M74: =IFERROR(VLOOKUP($L74,$A:$K,2,""),"") -> Pan Amasado Mini | N74: =IFERROR(VLOOKUP($L74,$A:$K,3,""),"") -> Hamburguesa Smash | O74: =IFERROR(VLOOKUP($L74,$A:$K,4,""),"") -> Queso | P74: =IFERROR(VLOOKUP($L74,$A:$K,5,""),"") -> Cebolla Caramelizada | Q74: =IFERROR(VLOOKUP($L74,$A:$K,6,""),"") -> BBQ | R74: =IFERROR(VLOOKUP($L74,$A:$K,7,""),"") -> Plato Redondo | S74: =IFERROR(VLOOKUP($L74,$A:$K,8,""),"") | T74: =IFERROR(VLOOKUP($L74,$A:$K,9,""),"") | U74: =IFERROR(VLOOKUP($L74,$A:$K,10,""),"")
A75: Crema Ácida | B75: Crema Ácida | L75: Mini Burger Italiana | M75: =IFERROR(VLOOKUP($L75,$A:$K,2,""),"") -> Pan Amasado Mini | N75: =IFERROR(VLOOKUP($L75,$A:$K,3,""),"") -> Hamburguesa Smash | O75: =IFERROR(VLOOKUP($L75,$A:$K,4,""),"") -> Palta | P75: =IFERROR(VLOOKUP($L75,$A:$K,5,""),"") -> Plato Redondo | Q75: =IFERROR(VLOOKUP($L75,$A:$K,6,""),"") -> Tomate Laminado | R75: =IFERROR(VLOOKUP($L75,$A:$K,7,""),"") | S75: =IFERROR(VLOOKUP($L75,$A:$K,8,""),"") | T75: =IFERROR(VLOOKUP($L75,$A:$K,9,""),"") | U75: =IFERROR(VLOOKUP($L75,$A:$K,10,""),"")
A76: Donuts | B76: Donuts | C76: Plato Redondo | L76: Mini Churrasco Especial | M76: =IFERROR(VLOOKUP($L76,$A:$K,2,""),"") -> Pan Amasado Mini | N76: =IFERROR(VLOOKUP($L76,$A:$K,3,""),"") -> Vacuno | O76: =IFERROR(VLOOKUP($L76,$A:$K,4,""),"") -> Queso | P76: =IFERROR(VLOOKUP($L76,$A:$K,5,""),"") -> Cebolla Caramelizada | Q76: =IFERROR(VLOOKUP($L76,$A:$K,6,""),"") -> BBQ | R76: =IFERROR(VLOOKUP($L76,$A:$K,7,""),"") -> Plato Redondo | S76: =IFERROR(VLOOKUP($L76,$A:$K,8,""),"") | T76: =IFERROR(VLOOKUP($L76,$A:$K,9,""),"") | U76: =IFERROR(VLOOKUP($L76,$A:$K,10,""),"")
A77: Donuts | B77: Donuts | C77: Plato Redondo | L77: Mini Churrasco Italiano | M77: =IFERROR(VLOOKUP($L77,$A:$K,2,""),"") -> Pan Amasado Mini | N77: =IFERROR(VLOOKUP($L77,$A:$K,3,""),"") -> Vacuno | O77: =IFERROR(VLOOKUP($L77,$A:$K,4,""),"") -> Palta | P77: =IFERROR(VLOOKUP($L77,$A:$K,5,""),"") -> Plato Redondo | Q77: =IFERROR(VLOOKUP($L77,$A:$K,6,""),"") -> Tomate Laminado | R77: =IFERROR(VLOOKUP($L77,$A:$K,7,""),"") | S77: =IFERROR(VLOOKUP($L77,$A:$K,8,""),"") | T77: =IFERROR(VLOOKUP($L77,$A:$K,9,""),"") | U77: =IFERROR(VLOOKUP($L77,$A:$K,10,""),"")
A78: Donuts | B78: Donuts | C78: Plato Redondo | L78: Mini HotDog Italiano | M78: =IFERROR(VLOOKUP($L78,$A:$K,2,""),"") -> Pan Lengua Mini | N78: =IFERROR(VLOOKUP($L78,$A:$K,3,""),"") -> Salchicha | O78: =IFERROR(VLOOKUP($L78,$A:$K,4,""),"") -> Tomate Picado | P78: =IFERROR(VLOOKUP($L78,$A:$K,5,""),"") -> Palta | Q78: =IFERROR(VLOOKUP($L78,$A:$K,6,""),"") -> Porta HotDog | R78: =IFERROR(VLOOKUP($L78,$A:$K,7,""),"") | S78: =IFERROR(VLOOKUP($L78,$A:$K,8,""),"") | T78: =IFERROR(VLOOKUP($L78,$A:$K,9,""),"") | U78: =IFERROR(VLOOKUP($L78,$A:$K,10,""),"")
